tranche,zincid,SMILES
H24P200,ZINCoq00000mpIBJ,C=CC(C)(C)CC(=O)N1CCSC[C@@H]1C(=O)NC[C@H]1C[C@@H](OC)C1
H25P130,ZINCpj00000SOeJh,O=C(NCCC#CCO)[C@H]1[C@@H]2C[C@H]1CN2C(=O)C1(F)CCCCCC1
H24P150,ZINCol00000op9rF,Cc1cnc(CNC(=O)[C@H]2C[C@@H](Nc3ncc(F)c(C)n3)C2)cn1
H23P050,ZINCnb00000gEhlq,CCCC[C@@H](O)C(=O)N1CC=C[C@H]1CNC(=O)CC1(CO)CC1
H25M000,ZINCp500000VW6FM,C[C@H]1CN2CCN1[C@H](C(=O)NC/C=C/CNC(=O)CC1CC(=O)C1)C2
H21P210,ZINClr00000g4co4,C[C@H]1CC2(CCN(Cc3ccn4ncnc4c3)CC2)CO1
H25P150,ZINCpl00000SOeJj,O=C(NCCC#CCO)[C@@H]1[C@H]2CN(C(=O)CCC3CCCCC3)C[C@H]21
H24P140,ZINCok00000op9rT,Cc1cncc(NC(=O)[C@H]2C[C@@H](O)CN2Cc2nn(C)cc2Br)c1
H25P130,ZINCpj00000SOeK3,O=C(NCCCCC(=O)N1CC[C@@]2(CCO2)C1)[C@H](O)c1ccccc1
H25P160,ZINCpm00000SJ7JN,C=C[C@H](OC)C(=O)N[C@H]1CCC[C@H](NC(=O)[C@@](C)(F)c2ccon2)C1
H24P130,ZINCoj00000op9rV,Cc1cnc(CNC(=O)[C@H]2CCN2Cc2ccc3ncnn3c2)s1
H24P210,ZINCor00000mpIBY,CCC(CC)CC(=O)N1CC(SC)(C(=O)N(C)Cc2ncc[nH]2)C1
H25M000,ZINCp500002sYBSo,COC(=O)[C@@]1(C)CCN1C(=O)[C@H]1C[C@H]1CNC(=O)C1(OC(C)=O)CC1
H25P130,ZINCpj00000SOeJS,O=C(NC/C=C/CC(=O)N1CCC12CC(O)C2)C(=O)C1CCCCC1
H25M000,ZINCp500000VW6Ga,C[C@@H]1CNc2c(C(=O)NC[C@H]3CCN(Cc4nn[nH]n4)C3)cnn2C1
H24P180,ZINCoo00000si4fm,CCOC(=O)[C@@H]1C[C@]12C[C@@H]2C(=O)N[C@H](CO)[C@H](C)c1ccccc1
H23P050,ZINCnb00000gEfxb,CCCCOCC(=O)NC1(CO)CN(C(=O)[C@@H]2C[C@@H]3CC[C@@H]32)C1
H20P180,ZINCko00001bPvgV,CN(C)C(=O)C(C)(C)CNC(=O)C[C@H]1C[C@H]2C=C[C@H]1C2
H25P360,ZINCpG00000FExrn,C[C@]1(Br)C[C@H]1CN(CC[C@@H]1CCC[C@H]1O)C(=O)[C@]1(C#N)CC12CCC2
H23P200,ZINCnq00000r2f99,C[C@H](CN=[N+]=[N-])NC(=O)C[C@@H](C)N(C)C(=O)C=Cc1cc[nH]c1
H25P120,ZINCpi00000SOeK8,O=C(NC/C=C/CC(=O)N1CCc2c[nH]nc2C1)c1ccc(F)cn1
H21P280,ZINCly00000g4co6,C[C@@H]1CC2(CCN(CC(=O)c3ccc(F)cc3)CC2)CO1
H23P050,ZINCnb00000gEhcZ,CCCC[C@@H](NC(N)=O)C(=O)N[C@@H]1CCN(C2CCOCC2)C1
H25P280,ZINCpy00000xCXNZ,C[C@]1(NC(=O)c2ccc3[nH]ccc3c2)C[C@@H](C(=O)NC[C@@H]2C[C@@H]2Cl)C1
H24P110,ZINCoh00000op9rD,C[C@]1(C#N)CCN(C(=O)[C@H]2C[C@H](F)CN(C(=O)[C@H]3CCCO3)C2)C1
H24M000,ZINCo50000020522,COC[C@@H](O)C(=O)NC[C@@H](O)CNC(=O)c1csc(C(C)(C)C)n1
H25P230,ZINCpt000003jo0M,O=C(Cc1ccncc1Cl)N[C@@H]1C[C@@H]2CN(C(=O)C=C3CCC3)C[C@H]21
H25P070,ZINCpd00000VW6FS,C[C@@H]1Cn2nccc2CN1N1CCC(C[C@]2(C)NC(=O)NC2=O)CC1
H24P140,ZINCok00000op9rJ,Cc1cnc(CNC(=O)[C@H]2C[C@H](NCc3nn(C)cc3Br)C2)cn1
H24P110,ZINCoh00000op9rM,CC1(C#N)CCN(C(=O)[C@H]2C[C@H](NC(=O)CN3CCCC3)C2)CC1
H25P260,ZINCpw00000xCXNG,C[C@@]1(NC(=O)C2CCC2)CCC[C@H]1NC(=O)c1cc(F)cc(F)c1O
H25P130,ZINCpj00000SOeJ5,O=C(NCCC#CCO)[C@H]1C[C@H]2C[C@H]1CN(C(=O)c1cnc(Cl)s1)C2
H25P160,ZINCpm00000SJ7JB,CC[C@H](O)CC(=O)N[C@@H]1CCC[C@@H](C(=O)N[C@H]2CCC[C@@H](O)CC2)C1
H23P300,ZINCnA000003KA5G,CC(C)C[C@@H](C)CN1CCCC[C@H]1CNC(=O)C1CCOCC1
H25P290,ZINCpz00000O4g8i,CCc1cc(CN(CC2(n3cccn3)CC2)C(=O)C2CC(Cl)C2)on1
H24P070,ZINCod00000HLqfV,CC1(C)C[C@@H](NC(=O)C=CCO)CN1C(=O)[C@@H](O)CCC(F)(F)F
H24P110,ZINCoh00000op9rW,Cc1cncc(NC(=O)[C@H]2CCN2Cc2cc(O)c(O)c(O)c2)n1
H25P170,ZINCpn00000SOeJa,O=C(NCCCCCO)[C@H]1CCN(C(=O)C2CC3(CSC3)C2)C12CC2
H25M000,ZINCp500002sYBRO,COC(=O)c1cc([C@@H](NC[C@H](C)S(N)(=O)=O)c2nnnn2C)c(C)s1
H25P140,ZINCpk00000SOeJv,O=C(NCCC#CCO)[C@@H](F)CC1CN(C(=O)C[C@H]2CC=CCC2)C1
H24M000,ZINCo500000204hX,COC[C@@H](O)C(=O)NCC[C@H]1CCCN1C(=O)[C@H](C)CS(C)(=O)=O
H25M000,ZINCp500002sYBSp,COC(=O)[C@]1(C)CCN1C(=O)[C@@H]1C[C@H]1CNC(=O)Cc1cn(C)cn1
H19P160,ZINCjm00001bPvgG,CN(C)C(=O)C(C)(C)CNC(=O)C1(C)CC(F)(F)C1
H24P180,ZINCoo00000si4fw,CCOC(=O)[C@@H]1C[C@]12C[C@H]2C(=O)OCC(=O)Nc1cccnc1Cl
H25P210,ZINCpr000002rH69,CCn1cc(CN(C)c2nnc(C)n2CCN2CCC[C@@H](C)C2)cn1
H25P260,ZINCpw00000xCXNr,CC1(NC(=O)C2=C[C@]3(CCN(C(=O)[C@H]4CCSC4)C3)C2)CCSCC1
H24P080,ZINCoe00000HLqg9,CC1=CC[C@H](NC(=O)C[C@@H]2CCCN(C(=O)CNC(N)=O)C2)CC1
H23P250,ZINCnv00000r2f9c,C[C@H](CN=[N+]=[N-])NC(=O)C[C@@H](NC(=O)C1=C(Cl)CC1)C(F)(F)F
H24P150,ZINCol00000op9rH,Cc1cnc(CNC(=O)[C@H]2C[C@@H](NCc3cccc(CO)n3)C2)s1
H25P230,ZINCpt000003jnSr,O=C(Cc1cccs1)NC[C@@H]1CCN1Cc1nc(-c2ccco2)no1
H25P100,ZINCpg00002sYBRw,COC(=O)c1ccc(C(=O)N2C[C@H]3C[C@@H]2[C@H]3NC(=O)[C@@H]2C[C@@]2(F)Cl)[nH]1
H24P260,ZINCow000007IXeo,Cc1ccoc1C(=O)NC[C@H]1C[C@H](NC(=O)c2ccsn2)C1(C)C
H23P300,ZINCnA000003KA4A,CC(C)C[C@@H](C)CN1CCC(C)(CNC(=O)[C@H]2CCCO2)CC1
H24P180,ZINCoo00000si4fj,CCOC(=O)[C@@H]1C[C@]12C[C@H]2C(=O)N[C@H](CO)c1ccc(C)cc1F
H25P180,ZINCpo00000SJ7JF,C=C[C@@H](OC)C(=O)N[C@H]1C=CC[C@H](C(=O)N[C@H](C)c2ncc(C)o2)C1
H24P260,ZINCow000007IX59,Cc1ccoc1C(=O)NC[C@H](CC(C)C)NC(=O)c1c[nH]nc1Br
H22P280,ZINCmy000006BXrf,CC1(C)[C@@H](c2ccccc2)CCN1C(=O)[C@@]1(C#N)CCCO1
H25P230,ZINCpt000003jnHR,O=C(Cc1ccco1)N[C@H]1C=CCN(C(=O)c2ccc(O)c(Cl)c2)C1
H25P030,ZINCp900000VW6FF,C[C@H]1CN2CCN1C[C@@H]2C(=O)NCCNC(=O)C1(C2CC2)CC=CC1
H20P140,ZINCkk00001bPvgR,CN(C)C(=O)C(C)(C)CNC(=O)CC[C@H](O)C(C)(C)C
H23P050,ZINCnb00000gEhve,CCCC[C@@H](O)C(=O)N1C[C@@H](NC(=O)C(C)(C)O)[C@H](C(F)F)C1
H24P260,ZINCow000007IWXA,Cc1ccoc1C(=O)NC[C@@H]1C[C@H](NC(=O)CC(F)F)C12CCC2
H23P210,ZINCnr00000r2f98,C[C@H](CN=[N+]=[N-])NC(=O)C[C@H]1CN(C(=O)[C@@H](C)C(F)F)C[C@@H]1C
H25P250,ZINCpv00000xCXNs,C[C@]1(NC(=O)C2=C[C@]3(CCN(C(=O)CN=[N+]=[N-])C3)C2)CCCC1(F)F
H25P190,ZINCpp00000SOeK0,O=C(NCCCCC(=O)N1CCc2ccncc2C1)c1n[nH]cc1Cl
H25P150,ZINCpl00000SJ7JA,C=C[C@H](OC)C(=O)N[C@H]1C=CC[C@H](C(=O)NC[C@@H](O)C(CC)CC)C1
H25P260,ZINCpw00000xCXOe,C[C@@]1(NC(=O)c2ccc(-c3ccccn3)nc2O)Cc2ccccc21
H25P270,ZINCpx00000xCXNI,C[C@@]1(NC(=O)C2=CCC2)CCC[C@H]1NC(=O)[C@H]1Cc2ccc(F)cc21
H24P140,ZINCok00000op9s2,C[C@@]1(C#N)CCN(C(=O)[C@@H]2CCN2C(=O)COc2ccccc2)C1
H25P270,ZINCpx00000xCXNP,C[C@]1(NC(=O)C2CC(C3CC3)C2)CCN(C(=O)CCc2ccoc2)C1
H25P250,ZINCpv00000xCXO4,C[C@@]1(NC(=O)C2=CCCC2)CCC[C@H]1NC(=O)c1cnn(C(F)F)c1
H25M000,ZINCp500000VW6FR,C[C@@H]1CN2CCN1[C@H](C(=O)N[C@H]1C[C@@H](NC(=O)Cc3cnco3)C1)C2
H25P230,ZINCpt000003jnJ6,O=C(Cc1ccco1)N[C@]1(CF)CCN(C(=O)CC[C@@H]2CC2(F)F)C1
H25P250,ZINCpv00000xCXO3,C[C@@]1(NC(=O)C2CC=CC2)CCC[C@H]1NC(=O)c1cnn2ccsc12
H25P230,ZINCpt000003jo6W,O=C(Cc1ccoc1)NCC(F)=C1CN(C(=O)c2ccnc(Cl)c2)C1
H22P280,ZINCmy000006BXB7,CC1(C)[C@H](CNC(=O)/C(Cl)=C/Cl)C[C@H]1NC(=O)c1ccoc1
H23P270,ZINCnx00000r2f95,C[C@H](CN=[N+]=[N-])NC(=O)C[C@H]1CCN1C(=O)c1cccc(Cl)c1
H25P020,ZINCp800002sYBS9,COC(=O)[C@]1(C)C[C@@H](NC(=O)N(C)C2CCN(C(N)=O)CC2)CCO1
H24P310,ZINCoB00000m13hI,Cn1cncc1[C@H]1CCCCN1Cc1noc(-c2ccccc2)n1
H25P080,ZINCpe00000VW6FE,C[C@H]1CN2CCN1C[C@@H]2C(=O)N(C)CCN(C)C(=O)CC1(C)CCC1
H24P140,ZINCok00000op9rY,Cc1cncc(NC(=O)[C@@H]2CCN2C(=O)c2ccc(F)c(C)n2)n1
H25P050,ZINCpb00002sYBRx,COC(=O)C1CCC(C(=O)N[C@]2(CC(=O)O)CCCS(=O)(=O)C2)CC1
H25P270,ZINCpx00000xCXNo,C[C@]1(NC(=O)C2=C[C@@]3(CCN(C(=O)[C@H]4CC45CCC5)C3)C2)CCSC1
H25P210,ZINCpr000002rH0K,CCn1cc(CCN(CCCNC(=O)c2ccncc2)C2CC2)cn1
H25P210,ZINCpr000002rHG2,CCn1cc(Cl)c(C(=O)NCC[C@H](C)NC(=O)COC2(C)CCC2)n1
H25M100,ZINCp400002sYBSq,COC(=O)[C@]1(C)CCN1C(=O)[C@@H]1C[C@H]1CNC(=O)[C@@H]1C[C@@H](O)CN1C
H23P050,ZINCnb00000gEcSA,CCCCC1(C(=O)N2CCN(C(=O)C=CCO)[C@H](CO)C2)CC1
H25P090,ZINCpf00002sYBRH,COC(=O)c1cccc(S(=O)(=O)NC(=O)[C@@]2(C)C[C@H]3CNCC[C@H]32)c1
H24P080,ZINCoe00000HLqfT,CC1(C)C[C@H](NC(=O)/C=C/CNC(=O)CN2CSCC2=O)C12CC2
H23P050,ZINCnb00000gEeHI,CCCCN1CCCC[C@@H]1C(=O)NC[C@@H]1CCN(C(=O)CO)C1
H25P230,ZINCpt000003jnQY,O=C(Cc1cccs1)NC[C@@H]1CC(F)(F)CN1C(=O)Cc1cscn1
H25P280,ZINCpy00000xCXNx,C[C@]1(NC(=O)C2CC3(CSC3)C2)CCCC[C@@H]1C(=O)NCC1(F)CC1
H25P150,ZINCpl00000SOeJn,O=C(NCCCCCO)[C@@H]1CN(C(=O)C=Cc2ccc[nH]2)CC12CC2
H25P260,ZINCpw00000xCXNO,CC1(NC(=O)C2CC(C3CC3)C2)CCN(C(=O)[C@]23CSC[C@@H]2C3)CC1
H24P260,ZINCow000007IWMo,Cc1ccoc1C(=O)NC[C@@H](C)CNC(=O)c1c(C)[nH]c(C)c1C
H22P280,ZINCmy000006BXBP,CC1(C)[C@H](CNC(=O)CC=C(Cl)Cl)C[C@H]1NC(=O)C=CCF
H25P230,ZINCpt000003jo2P,O=C(Cc1ccoc1)N1CCC2(C1)CN(C(=O)[C@@H]1C[C@@H]3CCC[C@@H]31)C2
H25P170,ZINCpn00000SJ7JK,CC[C@H](OC)C(=O)N[C@H]1CCC[C@H](NC(=O)Cc2cccnc2F)C1
H24P080,ZINCoe00000HLqfO,CC1=CC[C@H](NC(=O)C#CCNC(=O)[C@H](O)c2cccnc2)CC1
H25P210,ZINCpr000002rHpS,CCn1cc(Cl)c(C(=O)N2CC[C@H](NC(=O)C3CC=CC3)[C@H](F)C2)n1
H23P230,ZINCnt00000r2f8Q,C[C@H](CN=[N+]=[N-])NC(=O)/C=C/CN(C)C(=O)C[C@]12CCC[C@@H]1C2
H24P070,ZINCod00000HLqgc,CC1(C)C[C@@H](NC(=O)C[C@H]2C[C@H]2CNC(=O)Cc2cc[nH]n2)CO1
H25P100,ZINCpg00000VW6G7,C[C@H]1CNc2c(C(=O)N3CC4(CC[C@H](CC(=O)O)OC4)C3)cnn2C1
H21P080,ZINCle00001bPvhs,CN(C)C(=O)C(C)(C)CNC(=O)N(CCF)[C@H]1CCOC1
H25P260,ZINCpw00000xCXOc,C[C@]1(NC(=O)C2CC(CC3CC3)C2)C[C@@H](NC(=O)Cc2cncs2)C1
H25P190,ZINCpp00000SOeKn,O=C(NCCCCC(=O)N1CCCCC[C@@H]1CO)c1ccc(CO)s1
H20P190,ZINCkp00001bPvgK,CN(C)C(=O)C(C)(C)CNC(=O)C1(C(F)(F)F)CCC1
H25P190,ZINCpp00000SOeJm,O=C(NCCCCCO)[C@@H]1CN(C(=O)CC2C[C@H]3C[C@@H]3C2)CC12CC2
H25P140,ZINCpk00000SOeJd,O=C(NCCCCCO)[C@H]1CCN(C(=O)[C@@H]2CCCOCC2)C12CC2
H24P310,ZINCoB00000m13hQ,Cn1cncc1[C@H]1CCCCN1C(=O)c1cc2c(cc1Cl)OCO2
H23P220,ZINCns00000r2f8R,C[C@H](CN=[N+]=[N-])NC(=O)/C=C/CN(C)C(=O)[C@@H]1CCC(F)(F)C1
H25P170,ZINCpn00000SOeJb,O=C(NCC#CCCO)[C@H]1CCN(C(=O)C2=CCCCCC2)C12CC2
H25P320,ZINCpC00000O4g7J,CCc1cc(CN(CC2(F)CCC2)C(=O)c2cccc(CO)c2)no1
H25P260,ZINCpw00000xCXNR,C[C@@]1(NC(=O)c2cc(C3CC3)no2)CCCC[C@@H]1C(=O)NCC(F)F
H25P210,ZINCpr000002rHMb,CCn1cc(Cl)c(C(=O)NC[C@H](C)NC(=O)c2ccc(OC)cc2)n1
H24P350,ZINCoF0000050tlw,CC[C@@H](CC(=O)N1CCC(NC(=O)C=CC2CCC2)CC1)C(C)C
H24P200,ZINCoq00000mpIBO,CC(C)CCCC(=O)N1CCSC[C@H]1C(=O)N[C@@H]1CC[C@H](CO)C1
H19P030,ZINCj900001bPvh7,CN(C)C(=O)C(C)(C)CNC(=O)[C@H]1CCNC12CC2
H24M000,ZINCo500000204yh,COC[C@@H](O)C(=O)NC[C@@H](C)N(C)C(=O)c1cc2n(n1)CCCN2
H25P050,ZINCpb00002sYBSd,COC(=O)c1cccn1CC(=O)N1CCN(CC(C)(C)C(=O)O)CC1
H24P350,ZINCoF0000050thF,CC[C@@H](CC(=O)N1CCC(C)(CNC(=O)CCCF)CC1)C(C)C
H25P260,ZINCpw00000xCXOd,C[C@@]1(NC(=O)c2ccc(-c3cccc(C#N)c3)cc2)CCCNC1=O
H23P250,ZINCnv00000r2f8A,C[C@H](CN=[N+]=[N-])NC(=O)CC(C)(C)N(C)C(=O)C1CC(C)(F)C1
H23P050,ZINCnb00000gEhQX,CCCC[C@@H](O)C(=O)NC[C@H]1C[C@@H](O)CN1C(=O)c1ccco1
H24P260,ZINCow000007IX5j,Cc1ccoc1C(=O)NC[C@H](CC(F)(F)F)NC(=O)[C@H]1CCCS1
H23P050,ZINCnb00000gEgXn,CCCC[C@@H](CC)C(=O)N[C@H]1CCN(C(=O)CS(N)(=O)=O)[C@@H]1C
H24P320,ZINCoC00000m13hG,Cn1cncc1[C@H]1CCCCN1Cc1cc2c(nc1Cl)CCOC2
H24P120,ZINCoi00000op9s4,Cc1cnc(CNC(=O)[C@@H]2CCN2C(=O)CSc2ncccn2)s1
H25P120,ZINCpi00000SOeJC,O=C(NC/C=C/CC(=O)N1CC2(CCCCC2)C1)C(=O)NCC(F)F
H25P250,ZINCpv00000xCXNF,C[C@@]1(NC(=O)C2=CCC2)CCC[C@H]1NC(=O)c1ccc(O)c(F)c1F
H23P050,ZINCnb00000gEgnu,CCCCSCC(=O)N1CC[C@@](O)(CCNC(=O)C2(O)CC2)C1
H25P070,ZINCpd00002sYBSg,COC(=O)[C@]1(C)CCN1C(=O)C(C)(C)c1cn(C[C@H]2CCOC2)nn1
H25P020,ZINCp800002sYBS6,COC(=O)[C@]1(C)C[C@H](NC(=O)N2CCC[C@@](CO)(CCO)C2)CCO1
H25P400,ZINCpK00000FExrf,C[C@@]1(Br)C[C@@H]1CN(CC[C@H]1CCCC[C@H]1O)C(=O)C1=C[C@H]2C=C[C@H]1C2
H23P050,ZINCnb00000gEgof,CCCCSCC(=O)N1CC[C@H](NC(=O)[C@H]([C@H](C)O)N(C)C)C1
H25P210,ZINCpr000002rHkL,CCn1cc(Cl)c(C(=O)N2CCC[C@H]2Cn2cc([C@H](C)OC)nn2)n1
H25P100,ZINCpg00002sYBRE,COC(=O)c1ccc(C(=O)N[C@@H]2CN(C(=O)C3CC=CC3)C[C@H]2F)[nH]1
H19P050,ZINCjb00001bPvhb,CN(C)C(=O)C(C)(C)CNC(=O)[C@H](F)[C@H]1CCOC1
H24M000,ZINCo500000204D1,COC[C@@H](O)C(=O)NC[C@@H](C)NC(=O)C[C@@H](C(F)F)n1cccn1
H25P160,ZINCpm00000SOeJV,O=C(NCCCCC(=O)N1CCc2ccccc21)c1cc(CO)on1
H23P050,ZINCnb00000gEgmx,CCCCSCC(=O)N1CC[C@@H](N(C)C(=O)[C@@H](CO)N(C)C)C1
H25M000,ZINCp500000VW6FQ,C[C@H]1CN2CCN1[C@@H](C(=O)N[C@H]1C[C@H](NC(=O)C3=CSCCO3)C1)C2
H24P130,ZINCoj00000op9rZ,Cc1cnc(CNC(=O)[C@@H]2CCN2C(=O)c2cccnc2Cl)cn1
H20P170,ZINCkn00001bPvgX,CN(C)C(=O)C(C)(C)CNC(=O)[C@H]1CC12CCSCC2
H25M000,ZINCp500002sYBRB,COC(=O)C1CC(CC(=O)NC[C@H]2COCCN2C(=O)C[C@@H](C)O)C1
H25P330,ZINCpD00000O4g83,CCC1CC(CN(C[C@@]2(F)CCOC2)C(=O)c2cc(C(F)F)[nH]n2)C1
H24P170,ZINCon00000si4fk,CCOC(=O)[C@@H]1C[C@]12C[C@@H]2C(=O)N[C@H](CO)c1cc(F)ccc1F
H25P400,ZINCpK00000FExri,C[C@@]1(Br)C[C@@H]1CN(CC[C@@H]1CCCC[C@H]1O)C(=O)[C@H]1C[C@H](N=[N+]=[N-])C1
H24P260,ZINCow000007IWIq,Cc1ccoc1C(=O)NCC[C@@H]1CC[C@H](NC(=O)c2ccc[nH]2)C1
H25P180,ZINCpo00000SJ7JI,C=C[C@H](OC)C(=O)N[C@@H]1CCC[C@@H](N(C)C(=O)COC2CC=CC2)C1
H25M000,ZINCp500002sYBRM,COC(=O)c1cc([C@H](C(=O)NC2CC2)N2CC[C@@](CO)(OC)C2)no1
H25P100,ZINCpg00000VW6FW,C[C@@H]1CN(c2ccccc2)CCN1N1C[C@H]2[C@@H](C1)[C@@H]1C[C@H]2[C@@H](O)[C@H]1O
H24P280,ZINCoy00000m13hy,Cn1cncc1C[C@H](NC(=O)Cc1c(Cl)cc(Br)cc1Cl)C(=O)O
H21P120,ZINCli00001bPvgS,CN(C)C(=O)C(C)(C)CNC(=O)/C=C/CN1CCCCC1
H25P100,ZINCpg00000VW6Fq,C[C@H]1[C@@H](NC(=O)CS(N)(=O)=O)CCN1C(=O)c1csc(C(C)(C)C)c1
H24P310,ZINCoB00000m13hA,Cn1cncc1CCNC(=O)NCc1cc(-c2ccccc2)cs1
H25P140,ZINCpk00000SOeJq,O=C(NCCCCCO)[C@@H]1CN(C(=O)COCC2CC2)C2(CCC2)C1
H25P230,ZINCpt000003jny3,O=C(Cc1ccco1)N1C[C@@H]2[C@@H](C[C@H]2NC(=O)C2(C3CC3)CCC2)C1
H25P210,ZINCpr000002rGXP,CCn1cc(CC(=O)N[C@H]2C[C@H](C)N(C(=O)c3coc(Cl)c3)C2)cn1
H24P050,ZINCob00000HLqfW,CC1(C)C[C@@H](NC(=O)[C@](C)(CO)NC(=O)[C@]23COC[C@H]2C3)C12CC2
H23P280,ZINCny00000r2f8L,C[C@H](CN=[N+]=[N-])NC(=O)CC[C@H]1CC[C@@H](NC(=O)C(C)(C)Cl)C1
H23P240,ZINCnu00000r2f90,C[C@H](CN=[N+]=[N-])NC(=O)C[C@H]1CC[C@@H](NC(=O)C=CC2CC2)C1
H25P250,ZINCpv00000xCXOh,C[C@@]1(NC(=O)C2=CCCCC2)CCCC[C@H]1C(=O)NCc1ncc[nH]1
H23P300,ZINCnA000003KA0Z,CC(C)C[C@@H](C)CC(=O)N[C@]1(CF)CCN(C(=O)C2(Br)CC2)C1
H20P040,ZINCka00001bPvhi,CN(C)C(=O)C(C)(C)CNC(=O)N1C[C@@H](O)C12CCC2
H24P040,ZINCoa00000HLqg1,CC1(C)C[C@H](NC(=O)[C@](C)(CO)NC(=O)C[C@@H]2CCCO2)CCO1
H19P160,ZINCjm00001bPvh5,CN(C)C(=O)C(C)(C)CNC(=O)[C@H]1C[C@H]2CC[C@H]1C2
H24P330,ZINCoD00000m13hT,Cn1cncc1[C@@H]1CCCCN1C(=O)c1cccc(C(C)(C)F)n1
H23P250,ZINCnv00000r2f8B,C[C@H](CN=[N+]=[N-])NC(=O)CC(C)(C)N(C)C(=O)C[C@H]1CCSC1
H21P310,ZINClB00000g4coe,C[C@H]1CC2(CCN(C(=O)Nc3ncccc3I)CC2)CO1
H24P310,ZINCoB00000m13hw,Cn1cncc1/C=C/C(=O)NN1CCC(c2ccc(Br)cc2)CC1
H25P140,ZINCpk00000SOeJo,O=C(NCCC#CCO)[C@@H]1CN(C(=O)C[C@H]2CCSC2)C2(CCC2)C1
H24P170,ZINCon00000si4ff,CCOC(=O)[C@@H]1C[C@]12C[C@H]2C(=O)N(CCO)Cc1cccc(F)c1
H23P050,ZINCnb00000gEgXM,CCCC[C@@H](CN)NC(=O)[C@H]1CC(=O)N(C)[C@@H]1c1nccn1C
H25P260,ZINCpw00000xCXNH,C[C@@]1(NC(=O)C2CCC2)CCC[C@H]1NC(=O)C[C@H]1CC2(CCO1)CC2
H25P390,ZINCpJ00000FExrm,C[C@]1(Br)C[C@H]1CN(CC[C@@H]1CCC[C@H]1O)C(=O)C1CC2(C1)CC2(F)F
H20P070,ZINCkd00001bPvgH,CN(C)C(=O)C(C)(C)CNC(=O)c1cc(C#N)n(C)c1
H23P200,ZINCnq00000r2f8S,C[C@H](CN=[N+]=[N-])NC(=O)/C=C/CN(C)C(=O)[C@H]1C[C@@H]1C(F)(F)F
H25P150,ZINCpl00000SOeJl,O=C(NCCCCCO)[C@@H]1CN(C(=O)C2CC(F)(CF)C2)CC12CC2
H24M000,ZINCo500000204Kp,COC[C@@H](O)C(=O)NC[C@@H](C)NC(=O)c1nccc(C(F)(F)F)n1
H24P230,ZINCot00000mpIBI,CCC(CC)CC(=O)N1CCSC[C@H]1C(=O)N(C)[C@@H]1CCCOC1
H25M100,ZINCp400002sYBSk,COC(=O)[C@@]1(C)CCN1C(=O)[C@@](C)(CO)NC(=O)[C@H]([C@H](C)O)N(C)C
H23P050,ZINCnb00000gEgbI,CCCCS(=O)(=O)Cc1nc([C@@H](O)CC)nn1-c1cnnn1C
H25M000,ZINCp500002sYBRG,COC(=O)c1ccc(C(=O)N[C@@H](C)CNc2cc(=O)n(C)c(O)n2)[nH]1
H23P050,ZINCnb00000gEdmR,CCCCCC(=O)NCC1CN(C(=O)[C@@H](C)N2CCNC2=O)C1
H24P230,ZINCot00000mpIBU,C=CC(C)(C)CC(=O)N1CC(SC)(C(=O)N2C[C@H]3C[C@@H]2[C@@H]2C[C@H]32)C1
H25P230,ZINCpt000003jnEX,O=C(Cc1ccco1)N[C@@H]1C=CCN(C(=O)c2cc(O)ccc2Cl)C1
H25P280,ZINCpy00000xCXNq,CC1(NC(=O)C2CC3(CCN(C(=O)[C@H]4C[C@@H]5C[C@@H]5C4)C3)C2)CC=CC1
H22P390,ZINCmJ00000azjLb,Cc1nc(Br)c(C(=O)Nc2cnc(-c3ccccc3)cn2)s1
H24P100,ZINCog00000HLqg5,CC1(C)C[C@H](NC(=O)C[C@H]2C=C[C@@H](NC(=O)C3CSC3)C2)C(=O)O1
H25M100,ZINCp400002sYBS0,COC(=O)[C@]1(C)C[C@H](NC(=O)[C@H](CNC(=O)c2n[nH]c(=N)[nH]2)OC)C1
H25P290,ZINCpz00000O4g8j,CCC1CC(CN(CC2(n3cccn3)CC2)C(=O)c2n[nH]cc2C)C1
H23P050,ZINCnb00000gEfGZ,CCCCOCC(=O)N[C@@H]1CN(C(=O)[C@@H]2C[C@@H]3C[C@@H]3C2)C[C@@H]1O
H24P280,ZINCoy00000m13hD,Cn1cncc1CC(=O)N[C@@]1(C(F)(F)F)CCCc2ccccc21
H24P180,ZINCoo00000si4fA,CCOC(=O)[C@H]1CC12CCN(c1ccnc(-n3ccnc3)n1)CC2
H24M000,ZINCo500000204oa,COC[C@@H](O)C(=O)NC[C@@H](C)CN(C)C(=O)c1ccc(CO)nc1
H19P070,ZINCjd00001bPvh8,CN(C)C(=O)C(C)(C)CNC(=O)[C@@H]1O[C@H]2CC[C@H]1C2
H25P270,ZINCpx00000xCXNB,C[C@]1(NC(=O)C2CCC2)CCCC[C@H]1C(=O)NCc1ccncc1F
H24P350,ZINCoF0000050tn3,CC[C@@H](CC(=O)N1CCC([C@H](C)NC(=O)CCCF)CC1)C(C)C
H17P090,ZINChf00001bPvgU,CN(C)C(=O)C(C)(C)CNC(=O)C[C@H]1C[C@H]1F
H25P210,ZINCpr000002rHn1,CCn1cc(Cl)c(C(=O)N2CC[C@@H](C)[C@H]2CNC(=O)C2=CCSC2)n1
H25P400,ZINCpK00000FExrg,C[C@@]1(Br)C[C@H]1CN(CC[C@H]1CCCC[C@H]1O)C(=O)CCc1cncs1
H24P260,ZINCow000007IWNN,Cc1ccoc1C(=O)NC[C@@H](CNC(=O)CCC(F)F)C(F)(F)F
H25P190,ZINCpp00000SOeJT,O=C(NC/C=C/CC(=O)N1CCC2(CCC2)C1)c1cc2n(n1)CCC2
H23P250,ZINCnv00000r2f8J,C[C@H](CN=[N+]=[N-])NC(=O)C(C)(C)CNC(=O)[C@@H]1CC=CC[C@H]1C
H22P280,ZINCmy000006BXrS,CC1(C)[C@@H]2CC[C@@]1(C)[C@H](N1C(=O)[C@H]3CC(F)(F)CN3C1=O)C2
H25P300,ZINCpA00000O4g7M,CCc1cc(CN(CC2(F)CCC2)C(=O)C[C@@H](C)CC(=O)OC)no1
H25P260,ZINCpw00000xCXNL,C[C@@]1(NC(=O)c2ccc3c(c2)CC3)CCC[C@H]1NC(=O)CCCC#N
H25P280,ZINCpy00000xCXNT,C[C@@]1(NC(=O)c2cc(C3CC3)sn2)CCN(C(=O)CCCN=[N+]=[N-])C1
H25P260,ZINCpw00000xCXNM,C[C@@]1(NC(=O)c2ccc3c(c2)CC3)CCC[C@H]1NC(=O)[C@H]1CCSC1
H24P120,ZINCoi00000op9rC,Cc1cncc(NC(=O)[C@@H]2C[C@H](F)CN(C(=O)c3ccon3)C2)n1
H24P070,ZINCod00000HLqgd,CC1(C)C[C@@H](NC(=O)C[C@H]2C[C@H]2CNC(=O)[C@@H](O)C(F)(F)F)CO1
H24P060,ZINCoc00000HLqg0,CC1(C)C[C@H](NC(=O)[C@](C)(CO)NC(=O)CCc2nccs2)CO1
H23P270,ZINCnx00000r2f91,C[C@H](CN=[N+]=[N-])NC(=O)C[C@H]1CCCN(C(=O)C2=C(Cl)CC2)C1
H25P120,ZINCpi00000SOeJK,O=C(NC/C=C/CC(=O)N1Cc2cc(O)nnc2C1)[C@H]1CC[C@@H](F)C1
H25P140,ZINCpk00000SOeJx,O=C(NCCC#CCO)[C@H](F)[C@H]1CCN(C(=O)CCCC(F)(F)F)C1
H23P300,ZINCnA000003KAg8,CC(C)C[C@@H](CN=c1ccc(C(F)(F)F)n[nH]1)NC(=O)C(C)C
H20P070,ZINCkd00001bPvgL,CN(C)C(=O)C(C)(C)CNC(=O)C[C@@]12CC[C@@H](C1)NC2
H24P170,ZINCon00000si4fd,CCOC(=O)[C@@H]1C[C@@]12C[C@@H]2C(=O)NCCOc1ccccc1OC
H25P210,ZINCpr000002rHLP,CCn1cc(Cl)c(C(=O)NC[C@H](C)NC(=O)CSCc2cscn2)n1
H24P090,ZINCof00000HLqgf,CC1=CC[C@@H](NC(=O)C[C@H]2C[C@H](NC(=O)[C@H](C)NC(N)=O)C2)CC1
H25P330,ZINCpD00000O4g8o,CCc1cc(CN(Cc2nc(Br)nn2C)CC2CC(C)(C)C2)n(C)n1
H25P330,ZINCpD00000O4g7R,CCC1CC(CN(CC2(F)CCCCC2)C(=O)[C@]2(CO)CCOC2)C1
H23P050,ZINCnb00000gEeRB,CCCCN=C(NCCNC(C)=O)NC[C@@H]1CCOC[C@@H]1OC
H24M000,ZINCo500000204v8,COC[C@@H](O)C(=O)NC[C@@H](C)CNc1cc(=O)n(C(C)C)c(O)n1
H20P150,ZINCkl00001bPvhr,CN(C)C(=O)C(C)(C)CNC(=O)NCC[C@H]1CCSC1
H23P050,ZINCnb00000gEeqL,CCCCC[C@H](O)C(=O)NC1CC(F)(CNC(=O)C2(O)CC2)C1
H24P190,ZINCop00000si4fq,CCOC(=O)[C@@H]1C[C@]12C[C@@H]2C(=O)OCc1ccc2c(c1)C(=O)OC2
H25P310,ZINCpB00000O4g8d,CCC1CC(CN(C[C@]2(F)CCOC2)C(=O)[C@@H]2CC[C@H](N(C)C)C2)C1
H24M000,ZINCo5000002052E,COC[C@@H](O)C(=O)NC[C@@H](O)CNc1cccc(OC)c1[N+](=O)[O-]
H23P050,ZINCnb00000gEhZF,CCCC[C@@H](O)C(=O)N[C@@H]1[C@H]2C[C@@H]1N(C(=O)C1(O)CCCC1)C2
H25P260,ZINCpw00000xCXNJ,C[C@]1(NC(=O)c2ccc3c(c2)CC3)CCCC[C@H]1C(=O)N1CCCO1
H24P140,ZINCok00000op9s6,Cc1cncc(NC(=O)[C@H]2CCN(C(=O)c3ccncc3F)C2)n1
H24P260,ZINCow000007IWOO,Cc1ccoc1C(=O)NC[C@@H](NC(=O)[C@@H]1C[C@@H]2C=C[C@H]1C2)C(C)C
H25P100,ZINCpg00000VW6FV,C[C@@H]1Cn2[nH]c(=NC(=O)N3CCCN(C(=O)N(C)C)CC3)cc2CO1
H25P110,ZINCph00000VW6FY,C[C@@H]1CNc2c(cccc2C(=O)N2CC[C@@H](NC(=O)C3(O)CC3)C2)C1
H25P330,ZINCpD00000O4g87,CCc1cc(CN(C[C@@]2(F)CCOC2)C(=O)CC(C)(C)C(F)F)no1
H25M000,ZINCp500000VW6FB,C[C@H]1CN2CCN1C[C@H]2C(=O)NCCCCN(C)C(=O)[C@H]1C[C@H](O)C1
H25P170,ZINCpn00000SJ7JL,C=C[C@@H](OC)C(=O)N[C@H]1CCC[C@H](NC(=O)CCc2ccn(C)c2)C1
H25P170,ZINCpn00000SJ7JM,C=C[C@H](OC)C(=O)N[C@H]1CCC[C@H](NC(=O)C(C)(C)[C@@H]2CCOC2)C1
H23P300,ZINCnA000003KA7Q,CC(C)C[C@@H](C)CN1CCN(C(=O)C[C@H]2CCCOC2)[C@@H](C)C1
H24P260,ZINCow000007IWRs,Cc1ccoc1C(=O)NC[C@@H]1CCCN1C(=O)C1CC(C(F)F)C1
H25P080,ZINCpe00000VW6Fc,C[C@@H]1[C@H](NC(=O)C(N)=O)CCCN1C(=O)[C@@H]1CCC[C@@H]1n1cccc1
H24P220,ZINCos00000mpIBF,C=CCCCCC(=O)N1CCSC[C@@H]1C(=O)NCC[C@H]1CCOC1
H18P170,ZINCin00001bPvh9,CN(C)C(=O)C(C)(C)CNC(=O)[C@@H](F)CC(Cl)Cl
H25M100,ZINCp400000VW6Fd,C[C@H]1[C@H](NC(=O)C(N)=O)CCCN1C(=O)[C@H]1CCn2c(O)nnc2C1
H24P120,ZINCoi00000op9rE,CC1(C#N)CCN(C(=O)[C@H]2C[C@@H](F)CN(S(=O)(=O)C3CC3)C2)CC1
H25P160,ZINCpm00000SOeJY,O=C(NCCCCC(=O)N1CC[C@]2(C=CCO2)C1)[C@H]1CCCOCC1
H24P350,ZINCoF0000050tfI,CC[C@@H](CC(=O)N1CC=C[C@@H]1CNC(=O)C1CC(Cl)(Cl)C1)C(C)C
H24M000,ZINCo500000204SL,COC[C@@H](O)C(=O)NC[C@@H](NC(=O)[C@H](O)c1ccccc1)C(C)C
H25P310,ZINCpB00000O4g88,CCc1cc(CN(C[C@]2(F)CCOC2)C(=O)CC(C)(C)O)ccc1C
H24P060,ZINCoc00000HLqfN,CC1=CC[C@H](NC(=O)C#CCNC(=O)[C@H](C)[C@@H]2CCC(=O)N2)CC1
H25P230,ZINCpt000003jnzb,O=C(Cc1ccco1)NC1CC2(CCN(C(=O)c3ccc(F)o3)C2)C1
H23P300,ZINCnA000003KAgR,CC(C)C[C@@H](CN=c1nc(O)c(Br)c[nH]1)NC(=O)CSC(C)C
H24P170,ZINCon00000si4f2,CCOC(=O)[C@@H]1C[C@@]12C[C@H]2C(=O)Nc1nncn1-c1ccccc1
H24P090,ZINCof00000HLqg3,CC1(C)C[C@@H](NC(=O)[C@@](C)(CO)NC(=O)[C@H]2CC[C@H]3C[C@H]32)CCO1
H25M000,ZINCp500002sYBSb,COC(=O)c1cccn1Cc1cn([C@H]2CCn3c(O)nnc3C2)nn1
H24P060,ZINCoc00000HLqfR,CC1(C)C[C@@H](NC(=O)C#CCNC(=O)CN2CCCCCC2)CO1
H25P080,ZINCpe00000VW6G6,C[C@@H]1CN(C2CCOCC2)CCN1N1CCN(C2CCOCC2)CC1
H25M000,ZINCp500002sYBSe,COC(=O)[C@]1(C)CCN1C(=O)C1(CCNC(=O)[C@@H](C)S(C)(=O)=O)CC1
H25P080,ZINCpe00000VW6G2,C[C@H]1CN(c2ccc(NC(=O)NC[C@@H]3CN(C)C(=O)O3)nc2)CCO1
H23P050,ZINCnb00000gEfdG,CCCCOC(=O)C=CC(=O)NCCNC(=O)[C@@H]1CO[C@H](C)C1
H19P020,ZINCj800001bPvhc,CN(C)C(=O)C(C)(C)CNC(=O)[C@H](N)CCCC#N
H23P190,ZINCnp00000I6oCW,CC=CCCC(=O)N1C[C@@H](NC(=O)c2ccoc2I)C[C@@H](O)C1
H24P180,ZINCoo00000si4fu,CCOC(=O)[C@@H]1C[C@@]12C[C@@H]2C(=O)OCC(=O)c1cc(F)ccc1O
H24P140,ZINCok00000op9rU,Cc1cnc(CNC(=O)[C@@H]2C[C@@H](O)CN2C(=O)[C@H]2CCC[C@H]2C)s1
H21P230,ZINClt00000g4coh,C[C@@H]1Cc2cc(NC(=O)NCc3csc(=N)[nH]3)ccc2O1
H25M000,ZINCp500002sYBRX,COC(=O)[C@]1(C)C[C@H](NC(=O)[C@H]2C[C@@H](O)CN2C(=O)COCCF)C1
H25P180,ZINCpo00000SOeJM,O=C(NCCCCC(=O)N1CCC12CCCC2)c1n[nH]c2c1COC2
H25P210,ZINCpr000002rHC2,CCn1cc(Cl)c(C(=O)NCC2CN(C(=O)[C@]3(CC)CC3(F)F)C2)n1
H23P260,ZINCnw00000r2f93,C[C@H](CN=[N+]=[N-])NC(=O)C[C@@H]1CCCN(C(=O)CCC2CC2)C1
H25P300,ZINCpA00000O4g8g,CCc1cc(CN(C[C@@]2(F)CCOC2)C(=O)[C@H](C)c2ccco2)on1
H25P160,ZINCpm00000SOeJR,O=C(NC/C=C/CC(=O)N1CCC12CC(O)C2)c1cc[nH]c1C1CC1
H25P210,ZINCpr000002rGYY,CCn1cc(CC(=O)N[C@]23CCC[C@@H]2N(C(=O)CC(C)C)CC3)cn1
H23P210,ZINCnr00000r2f8W,C[C@H](CN=[N+]=[N-])NC(=O)CCCNC(=O)C1(C#N)CCCCC1
H25P320,ZINCpC00000O4g7H,CCc1cc(CN(CC2(F)CC2)C(=O)[C@@H]2C[C@H](F)CN2C)ccc1F
H24P200,ZINCoq00000mpIBK,C=CC(C)(C)CC(=O)N1CCSC[C@@H]1C(=O)NC[C@H]1OCC[C@H]1C
H25P280,ZINCpy00000xCXNz,C[C@]1(NC(=O)C2CC3(CSC3)C2)C[C@@H](C(=O)N[C@H]2CCC3(CC3)C2)C1
H24P210,ZINCor00000mpIBM,CCC(CC)CC(=O)N1CCSC[C@@H]1C(=O)N(C)[C@H](C)CN(C)C
H25P090,ZINCpf00002sYBRF,COC(=O)c1ccc(C(=O)N[C@H](c2cn(CCO)nn2)C2CC2)cc1
H23P250,ZINCnv00000r2f8K,C[C@H](CN=[N+]=[N-])NC(=O)CC(C)(C)NC(=O)[C@@H]1[C@H]2CCCC[C@H]21
H24M000,ZINCo500000204l0,COC[C@@H](O)C(=O)NCC[C@H]1c2ccccc2CCN1C(=O)CO
H24P200,ZINCoq00000mpIBR,CCC(C)(C)CC(=O)N1CCSC[C@@H]1C(=O)N[C@@H](CO)C1CCC1
H25P190,ZINCpp00000SOeJu,O=C(NCCC#CCO)[C@H](CC1CC1)NC(=O)[C@H]1CCC=CCCC1
H25P110,ZINCph00000VW6G5,C[C@H]1CN(c2ccncc2F)CCN1C(=O)[C@@H]1CCc2ncnn2C1
H24P130,ZINCoj00000op9s5,C[C@]1(C#N)CCN(C(=O)[C@H]2CCN(C(=O)c3cccs3)C[C@@H]2O)C1
H25P230,ZINCpt000003jnEo,O=C(Cc1ccco1)NC[C@H]1CN(CC[C@H]2CCOC2)CCC1(F)F
H24P180,ZINCoo00000si4fh,CCOC(=O)[C@@H]1C[C@]12C[C@H]2C(=O)N[C@H](C)c1nc(C(F)(F)F)no1
H20P090,ZINCkf00001bPvgZ,CN(C)C(=O)C(C)(C)CNC(=O)[C@H]1CCCCNCC1
H25P120,ZINCpi00000SOeKe,O=C(NC/C=C/CC(=O)N1CCC[C@@]12CCNC2=O)[C@H]1C=CCCC1
H24P260,ZINCow000007IWQv,Cc1ccoc1C(=O)NC[C@@H]1CCCCN(C(=O)[C@@H](F)C2CC2)C1
H24P220,ZINCos00000mpIBW,C=CC(C)(C)CC(=O)N1CC(SC)(C(=O)N[C@@]2(C)CCO[C@H]2C)C1
H25P020,ZINCp800000VW6FU,C[C@@H]1Cn2nc(C(=O)Nc3cc(O)nc4ncn(C)c34)cc2C(=O)N1
H25P150,ZINCpl00000SOeJG,O=C(NC/C=C/CC(=O)N1Cc2cccnc2C1)[C@@H]1O[C@H]2CC[C@H]1C2
H24P290,ZINCoz00000m13i0,Cn1cncc1[C@@H]1CCCCN1C(=O)c1cc(C#N)c(F)cc1F
H20P020,ZINCk800001bPvgQ,CN(C)C(=O)C(C)(C)CNC(=O)C(C)(C)CS(C)(=O)=O
H24P180,ZINCoo00000si4fa,CCOC(=O)[C@@H]1C[C@]12C[C@H]2C(=O)NCCc1ccc([N+](=O)[O-])cc1
H23P260,ZINCnw00000r2f8D,C[C@H](CN=[N+]=[N-])NC(=O)CCCCNC(=O)C1CC2(CCC2)C1
H25P020,ZINCp800002sYBRA,COC(=O)c1ccc(C(=O)NCCC2(c3cn(CCO)nn3)CC2)[nH]1
H25P260,ZINCpw00000xCXO6,C[C@@]1(NC(=O)C2CCCC2)CCC[C@H]1NC(=O)C[C@H]1CCC[C@@H](O)C1
H24M000,ZINCo500000204Ux,COC[C@@H](O)C(=O)NC[C@@H](NC(=O)c1cccc(O)n1)C(C)(C)C
H25P300,ZINCpA00000O4g8k,CCC1CC(CN(CC2(n3cccn3)CC2)C(=O)[C@@H](CSC)OC)C1
H23P050,ZINCnb00000gEhYh,CCCC[C@@H](O)C(=O)N[C@@H]1C[C@H]1CNC(=O)c1ccnnc1C
H23P050,ZINCnb00000gEdUu,CCCCCCO[C@@H](C)C(=O)N[C@@H]1CN(C(=O)CC#N)C[C@H]1O
H25P140,ZINCpk00000SOeKk,O=C(NC/C=C/CC(=O)N1CCC[C@]2(CCOC2)C1)C1=CCOCC1
H25P210,ZINCpr000002rHI5,CCn1cc(Cl)c(C(=O)NC[C@@H](C)NC(=O)c2cc(C)c(C)cn2)n1
H24P260,ZINCow000007IWUJ,Cc1ccoc1C(=O)NC[C@@H]1CC[C@H]1NC(=O)c1cc(Br)n(C)c1
H24M000,ZINCo500000204kk,COC[C@@H](O)C(=O)NCC[C@H]1CSCCN1C(=O)Cc1cnco1
H25P000,ZINCp600000VW6Fb,C[C@H]1[C@H](NC(=O)C(N)=O)CCCN1C(=O)C[C@@H](C(F)F)n1cccn1
H25P280,ZINCpy00000xCXNW,C[C@]1(NC(=O)c2ccc3cc[nH]c3c2)C[C@@H](C(=O)NC[C@@H]2C[C@@H]2Cl)C1
H25P120,ZINCpi00000SOeJ6,O=C(NCC#CCCO)[C@@H]1C[C@H](F)CCN1C(=O)c1ccc(F)cc1
H24M000,ZINCo5000002051Y,COC[C@@H](O)C(=O)NC[C@@H](O)CNC(=O)c1coc2c1CCCC2
H25P100,ZINCpg00000VW6Fg,C[C@H]1[C@H](NC(=O)CN=S(C)(C)=O)CCCN1C(=O)CC[C@@H]1CCOC1
H25P320,ZINCpC00000O4g7N,CCc1cc(CN(CC2(F)CCC2)C(=O)CCS(C)(=O)=O)ccc1C
H25P300,ZINCpA00000O4g84,CCc1cc(CN(C[C@]2(F)CCOC2)C(=O)c2cc(Cl)cn2C)no1
H23P300,ZINCnA000003KAfj,CC(C)C[C@@H](CN=c1[nH]ncs1)NC(=O)c1cc(F)ccc1F
H25P140,ZINCpk00000SOeKa,O=C(NC/C=C/CC(=O)N1CCc2nccnc2C1)C1C[C@@H]2C[C@H]2C1
H25P100,ZINCpg00000VW6Fh,C[C@H]1[C@@H](NC(=O)COc2cn[nH]c2)CCN1C(=O)C=Cc1nccs1
H23P170,ZINCnn00000a0s6V,C#CCNc1cccc(C(=O)N2CC[C@H]2CNC(=O)C(C)C)c1
H23P050,ZINCnb00000gEdOB,CCCCCCC(=O)N[C@H]1CCN(C(=O)CC(=O)OC)C[C@H]1O
H21P280,ZINCly00000g4co9,C[C@H]1Cc2cc(NC(=O)[C@@H](C)N3CCCCC3)ccc2O1
H25M100,ZINCp400002sYBSs,COC(=O)[C@@]1(C)CCN1C(=O)[C@H]1COCCN1C(=O)c1cnnn1C
H23P050,ZINCnb00000gEfSo,CCCCO[C@@H](C)C(=O)N1CCO[C@@H]2CN(C(=O)CC#N)C[C@@H]21
H23P050,ZINCnb00000gEd5P,CCCCCC(=O)N1CCN(C(=O)CS(N)(=O)=O)CC(C)(C)C1
H24P330,ZINCoD00000m13hZ,Cn1cncc1[C@@H]1CCCCN1C(=O)c1ccc(I)c([N+](=O)[O-])c1
H25P280,ZINCpy00000xCXNm,C[C@@]1(NC(=O)C2=C[C@@]3(CCN(C(=O)C(F)=CC4CC4)C3)C2)CCSC1
H24P300,ZINCoA00000m13hM,Cn1cncc1[C@@H]1CCCCN1C[C@H](O)COc1ccc(Cl)cc1
H25P270,ZINCpx00000xCXNV,Cc1nc(O)c2cc(-c3ccccc3CN3CCN(C)CC3)sc2n1
H24P180,ZINCoo00000si4f6,CCOC(=O)[C@@H]1C[C@]12C[C@H]2C(=O)NCc1ccc(OC(C)=O)cc1
H24P230,ZINCot00000mpIBT,CCCC(C)=CC(=O)N1CC(SC)(C(=O)N2CC[C@H](OCC)C2)C1
H25P270,ZINCpx00000xCXNU,C[C@@]1(NC(=O)c2cc(C3CCC3)on2)CCC[C@H]1NC(=O)[C@@H]1C[C@H]1Cl
H22P280,ZINCmy000006BXwN,CC1(C)[C@H](C(=O)NCCC2(O)CCC2)[C@H]1c1ccncc1Cl
H25P130,ZINCpj00000SOeJ3,O=C(NCCCCCO)[C@@H]1C[C@H]2C=C[C@H]1N(C(=O)c1c[nH]nc1Cl)C2
H25P120,ZINCpi00000SOeJO,O=C(NC/C=C/CC(=O)N1CCC12CC(CO)C2)c1ncccc1F
H25M000,ZINCp500002sYBSf,COC(=O)[C@]1(C)CCN1C(=O)C1(C)CN(C(=O)CSc2nc[nH]n2)C1
H23P240,ZINCnu00000r2f94,C[C@H](CN=[N+]=[N-])NC(=O)C[C@H]1C[C@H]1CNC(=O)C1=CCCCC1
H25P080,ZINCpe00000VW6G4,C[C@H]1CN(c2ccncc2)CCN1N1CCN(S(C)(=O)=O)C(C)(C)C1
H24P180,ZINCoo00000si4f8,CCOC(=O)[C@@H]1C[C@@]12C[C@H]2C(=O)NCc1cn2cccc(C)c2n1
H18P150,ZINCil00001bPvh0,CN(C)C(=O)C(C)(C)CNC(=O)[C@@H]1CCCCS1
H23P050,ZINCnb00000gEg4w,CCCCS(=O)(=O)CC(=O)N1CC[C@H]2CN(C(=O)C(F)F)[C@H]2C1
H23P050,ZINCnb00000gEeJW,CCCCN=C(NCC(=O)N(C)C)NCc1nc(CSC)n[nH]1
H25P190,ZINCpp00000SOeKo,O=C(NCCCCC(=O)N1CCCCC[C@H]1CO)c1ccc(CO)s1
H23P050,ZINCnb00000gEhnq,CCCC[C@@H](O)C(=O)N1CCC[C@](F)(CNC(=O)C=CCO)C1
H25P150,ZINCpl00000SOeJL,O=C(NCCCCC(=O)N1Cc2c[nH]nc2C1)c1ncc(F)cc1F
H23P280,ZINCny00000r2f8I,C[C@H](CN=[N+]=[N-])NC(=O)CCCCNC(=O)CCCC(F)(F)F
H24P060,ZINCoc00000HLqgh,CC1(C)C[C@@H](NC(=O)C[C@@H]2CCN2C(=O)c2cccc(O)n2)CO1
H25P130,ZINCpj00000SOeKc,O=C(NCCCCC(=O)N1CCc2n[nH]cc2C1)[C@@H](O)c1ccsc1
H23P250,ZINCnv00000r2f8E,C[C@H](CN=[N+]=[N-])NC(=O)CCCCNC(=O)c1cccc(F)c1
H24P180,ZINCoo00000si4fr,CCOC(=O)[C@@H]1C[C@]12C[C@@H]2C(=O)OCc1c(Cl)ncnc1N(C)C
H24P060,ZINCoc00000HLqfL,CC1(C)C[C@@H](NC(=O)/C=C/CNC(=O)[C@@H]2CCOC(=O)CC2)CO1
H25P230,ZINCpt000003jnNZ,O=C(Cc1cccs1)NC1C[C@H]2CN(C(=O)Cc3cnsc3)C[C@@H]2C1
H25M100,ZINCp400002sYBSI,COC(=O)c1ccc(N2CC(CNC(=O)CNC=O)C2)n2ncnc12
H23P050,ZINCnb00000gEhV2,CCCC[C@@H](O)C(=O)N[C@@H]1CC[C@H](CNC(=O)C(F)(F)CO)C1
H23P250,ZINCnv00000r2f8T,C[C@H](CN=[N+]=[N-])NC(=O)/C=C/CN(C)C(=O)[C@@H](F)CC(C)(C)C
H25P130,ZINCpj00000SOeJ4,O=C(NCCCCCO)[C@@H]1C[C@H]2C=C[C@H]1N(C(=O)c1n[nH]cc1Cl)C2
H24P190,ZINCop00000si4eX,CCOC(=O)[C@@H]1C[C@]12C[C@@H]2C(=O)Nc1ccc(-c2nc[nH]n2)cc1
H25P050,ZINCpb00002sYBSz,COC(=O)c1cc(CN2CC[C@]3(COC[C@@H](C(=O)O)O3)C2)c(C)n1C
H25P310,ZINCpB00000O4g7G,CCc1cc(CN(CC2(F)CC2)C(=O)[C@]2(C)COCCO2)ccc1C
H23P050,ZINCnb00000gEhzW,CCCC[C@@H](O)C(=O)N1[C@H]2CC[C@@H]1C[C@H]2NC(=O)[C@H]1C[C@@H](O)C1
H23P300,ZINCnA000003KA7B,CC(C)C[C@@H](C)CN1CCN(C(=O)C2(C)CCOCC2)[C@H](C)C1
H25P260,ZINCpw00000xCXO8,C[C@]1(NC(=O)C2CCCC2)C[C@@H](C(=O)NCc2ccc(O)c(F)c2)C1
H23P300,ZINCnA000003KA5g,CC(C)C[C@@H](C)CN1CCC([C@@H](C)NC(=O)CC(C)(C)O)CC1
H21P060,ZINClc00001bPvhk,CN(C)C(=O)C(C)(C)CNC(=O)N1CC[S@](=O)C(C)(C)C1
H23P260,ZINCnw00000r2f8X,C[C@H](CN=[N+]=[N-])NC(=O)C(C)(C)NC(=O)[C@H]1CCCC12CCC2
H23P300,ZINCnA000003KAig,CC(C)C[C@@H](CNC(=O)C(C)(C)CC(F)F)NC(=O)C(C)(C)F
H25P110,ZINCph00000VW6F8,C[C@@H]1[C@@H](NC(=O)CNC=O)CCN1C(=O)c1cc(C2CC2)ncc1Br
H25P070,ZINCpd00002sYBRS,COC(=O)[C@]1(C)C[C@H](NC(=O)CCc2cn(C[C@@H]3CCOC3)nn2)C1
H25M000,ZINCp500000VW6Fw,C[C@H]1CN2CCN1C[C@H]2C(=O)N1CCC(NC(=O)C2CN(C)C2)CC1
H22P320,ZINCmC00000azjLj,Cc1nc(Br)c(C(=O)NCC[C@H](C)NC(=O)CC(C)(C)C)s1
H23P050,ZINCnb00000gEfZt,CCCCO[C@H](C)C(=O)NCC#CCNC(=O)[C@H]1CCN1CC
H25P250,ZINCpv00000xCXNK,C[C@@]1(NC(=O)C2CCC3(CC2)CC3)CCC[C@H]1NC(=O)c1cn[nH]c1
H24P260,ZINCow000007IWLe,Cc1ccoc1C(=O)NCC[C@H]1C[C@@H](NC(=O)c2cc(Br)no2)C1
H24P160,ZINCom00000si4fl,CCOC(=O)[C@@H]1C[C@]12C[C@@H]2C(=O)N[C@@H](CO)Cc1ccccc1C
H25M100,ZINCp400002sYBS2,COC(=O)[C@]1(C)C[C@H](NC(=O)[C@@H](O)CNC(=O)c2nnn(C)c2C)C1
H25P010,ZINCp700000VW6G1,C[C@@H]1CN(c2ccc(F)cn2)CCN1C(=O)[C@@H]1CC(=O)N(C)C(=O)N1
H24P320,ZINCoC00000m13hS,Cn1cncc1[C@H]1CCCCN1C(=O)c1cccc2nc(S)oc12
H23P050,ZINCnb00000gEetP,CCCCC[C@H](O)C(=O)N[C@@H]1CCN(C(=O)c2c[nH]c(=N)o2)C1
H25M100,ZINCp400000VW6Gc,C[C@H]1CN(c2nccnc2C#N)CCN1N1CC2(C1)C(=O)NCN2C
H22P280,ZINCmy000006BXtK,CC1(C)[C@@H]2NCCC[C@H]2[C@H]1NC(=O)C[C@@H]1C[C@@H]2C=C[C@H]1CC2
H20P090,ZINCkf00001bPvgJ,CN(C)C(=O)C(C)(C)CNC(=O)[C@]1(CF)CCCOC1
H25P140,ZINCpk00000SOeJ9,O=C(NCCCCCO)[C@@H]1CCN(C(=O)C2CC3(CCC3)C2)CCO1
H24M000,ZINCo500000204o5,COC[C@@H](O)C(=O)NC[C@@H](C)CN(C)C(=O)c1ccc(C#N)cn1
H21P140,ZINClk00001bPvhe,CN(C)C(=O)C(C)(C)CNC(=O)N1CCC[C@](C)(C#N)C1
H25M000,ZINCp500002sYBSH,COC(=O)c1ccc(N2CC(CNC(=O)CCc3cnn[nH]3)C2)nn1
H25P080,ZINCpe00000VW6Ff,C[C@@H]1[C@@H](NC(=O)C(N)=O)CCN1C(=O)Cc1ccc2c(c1)CCCS2
H23P260,ZINCnw00000r2f8V,C[C@H](CN=[N+]=[N-])NC(=O)/C=C/CNC(=O)C1=CCC(C)(C)CC1
H25M000,ZINCp500002sYBS1,COC(=O)[C@]1(C)C[C@H](NC(=O)[C@H](O)CNC(=O)[C@@]2(C)CCN(C)C2)C1
H25P040,ZINCpa00000VW6FL,C[C@H]1CN2CCN1[C@H](C(=O)NCCCCCCNC(=O)CCC#N)C2
H24P150,ZINCol00000op9rI,C[C@@]1(C#N)CCN(C(=O)[C@H]2C[C@H](NCc3cncc(C#N)c3)C2)C1
H25M000,ZINCp500002sYBSj,COC(=O)[C@@]1(C)CCN1C(=O)[C@@](C)(CO)NC(=O)[C@H]1CCCC[C@H]1O
H24P110,ZINCoh00000op9sa,Cc1cncc(NC(=O)[C@@H]2CCN(C(=O)Cc3noc(C)n3)C2)c1
H25M000,ZINCp500000VW6Fy,C[C@H]1CN2CCN1C[C@H]2C(=O)NC[C@]1(F)C[C@@H](NC(=O)CCC#N)C1
H25P210,ZINCpr000002rHE6,CCn1cc(Cl)c(C(=O)NCCC[C@H](C)NC(=O)c2cc(C)on2)n1
H25P180,ZINCpo00000SOeJD,O=C(NC/C=C/CC(=O)N1Cc2cccc(F)c2C1)[C@H]1CC[C@H](O)C1
H23P300,ZINCnA000003KAey,CC(C)C[C@@H](CN=c1[nH]nc(C2CC2)o1)NC(=O)C1CCCC1
H24P130,ZINCoj00000op9rK,Cc1cnc(CNC(=O)[C@H]2C[C@H](NC(=O)c3ccc(O)cn3)C2)s1
H22P290,ZINCmz00000azjLm,Cc1nc(Br)c(C(=O)N(C)CCNC(=O)[C@@H](C)SC(C)C)s1
H25P190,ZINCpp00000SOeJP,O=C(NC/C=C/CC(=O)N1CCC12CC(CO)C2)[C@H](F)C1CCCC1
H25P100,ZINCpg00000VW6Fo,C[C@@H]1[C@@H](NC(=O)CSc2nnc(S)s2)CCN1C(=O)[C@@H](O)CC(F)F
H25P210,ZINCpr000002rH4a,CCn1cc(CCN2C[C@@H](NC(=O)Cc3ccoc3)C(C)(C)C2)cn1
H25M100,ZINCp400002sYBSt,COC(=O)[C@@]1(C)CCN1C(=O)[C@H]1OCC[C@H]1NC(=O)[C@@H]1CCNC1=O
H24P160,ZINCom00000si4eZ,CCOC(=O)[C@@H]1C[C@@]12C[C@H]2C(=O)Nc1cccc(CCC(N)=O)c1
H24P290,ZINCoz00000m13hx,Cn1cncc1CCC(=O)OCC(=O)c1cccc2ccccc12
H24P300,ZINCoA00000m13hL,Cn1cncc1[C@H]1CCCCN1C[C@@H]1CCC2(CCC(=O)CC2)O1
H25P210,ZINCpr000002rHmu,CCn1cc(Cl)c(C(=O)N2CCOC[C@H]2c2cn(C(C)(C)C)nn2)n1
H25P230,ZINCpt000003jnFn,O=C(Cc1ccco1)N[C@@H]1CCCN(c2ncnc3scnc23)CC1
H25P250,ZINCpv00000xCXO9,C[C@]1(NC(=O)C2=CCCC2)C[C@@H](NC(=O)c2ccc(F)c(F)c2O)C1
H24P110,ZINCoh00000op9rN,Cc1cncc(NC(=O)[C@@H]2C[C@H](O)CCN2Cc2n[nH]cc2Cl)n1
H21P110,ZINClh00001bPvhv,CN(C)C(=O)C(C)(C)CNC(=O)N[C@H]1C[C@H](OC(F)F)C1
H24P040,ZINCoa00000HLqg2,CC1(C)C[C@H](NC(=O)[C@](C)(CO)NC(=O)[C@@H]2CC[C@H]2C#N)CCO1
H22P280,ZINCmy000006BXys,CC1(C)[C@H](C(=O)OCC(=O)C2(C#N)CC2)[C@H]1c1ccccc1
H25P090,ZINCpf00002sYBSc,COC(=O)c1cccn1CC(=O)N1CCc2ccc(C(=O)O)nc2C1
H25P380,ZINCpI00000FExrd,C[C@]1(Br)C[C@H]1CN(CC[C@@H]1CCCC[C@H]1O)C(=O)[C@@]1(C)CCCCO1
H22P340,ZINCmE00000azjLl,Cc1nc(Br)c(C(=O)N(C)CCNC(=O)c2sccc2Cl)s1
H24M000,ZINCo500000204yQ,COC[C@@H](O)C(=O)NC[C@@H](C)N(C)C(=O)c1ccc2nc[nH]c2n1
H25P330,ZINCpD00000O4g8m,CCc1ccc(NCc2nc3cccc(C(=O)OC)c3[nH]2)cc1C#N
H25P090,ZINCpf00002sYBRJ,COC(=O)[C@]1(C)C[C@H]1CNS(=O)(=O)c1ccc2c(c1)C[C@H](C(=O)O)C2
H25P320,ZINCpC00000O4g7V,CCc1cc(CN(CC2(F)CCCCCC2)C(=O)C(OC)OC)no1
H19P120,ZINCji00001bPvhf,CN(C)C(=O)C(C)(C)CNC(=O)N1CC[C@H]1CCF
H22P300,ZINCmA00000azjL9,Cc1nc(Br)c(C(=O)NC2(CCCNC(=O)C(C)C)CC2)s1
H24P260,ZINCow000007IX9D,Cc1ccoc1C(=O)NC[C@H]1CCN(C(=O)C#CC(C)C)[C@H](C)C1
H24P350,ZINCoF0000050teH,CC[C@@H](CC(=O)N1CC2(NC(=O)CCCC(C)(C)C)CC1C2)SC
H24P310,ZINCoB00000m13i1,Cn1cncc1[C@@H]1CCCCN1C(=O)c1ccc(OCCF)cc1
H24P300,ZINCoA00000m13hK,Cn1cncc1[C@H]1CCCCN1CCC(=O)OCc1ccccc1
H25P100,ZINCpg00002sYBSF,COC(=O)C1(CCCn2cc([C@@H](C)NC[C@H]3COCCO3)nn2)CC1
H23P300,ZINCnA000003KA6M,CC(C)C[C@@H](C)CN1CCC[C@H](CCNC(=O)CC(C)(C)O)C1
H24P100,ZINCog00000HLqfZ,CC1=CC[C@H](NC(=O)[C@@](C)(CO)NC(=O)Cc2coc(C)n2)CC1
H25P270,ZINCpx00000xCXNC,C[C@@]1(NC(=O)C2CCC2)CCCC[C@@H]1C(=O)NCc1ncccc1F
H25P310,ZINCpB00000O4g7Z,CCc1cc(CN(C[C@]2(F)CCCOC2)C(=O)[C@H]2CC[C@H]3C[C@H]32)on1
H25P030,ZINCp900000VW6G9,C[C@H]1CNc2c(C(=O)NC3CC(n4cc(C(=O)O)nn4)C3)cnn2C1
H25M000,ZINCp500002sYBRT,COC(=O)[C@]1(C)C[C@H](NC(=O)C[C@H](O)c2cn(CCN(C)C)nn2)C1
H25M100,ZINCp400000VW6Fv,C[C@H]1CN2CCN1C[C@@H]2C(=O)N1CC(CCNC(=O)C2(O)COC2)C1
H25P230,ZINCpt000003jnDH,O=C(Cc1ccco1)NC[C@H]1CC(F)(F)CN1C(=O)[C@H](F)CC1CC1
H25P230,ZINCpt000003jnZH,O=C(Cc1ccncc1Cl)NC1([C@@H]2CCCN2C(=O)C23CC2C3)CC1
H24P150,ZINCol00000op9s0,Cc1cncc(NC(=O)[C@H]2CCN2C(=O)c2cnc(O)c(Br)c2)n1
H25M000,ZINCp500002sYBS5,COC(=O)[C@]1(C)C[C@H](NC(=O)CN(C)C(=O)c2cc(O)cc(=O)o2)C1
H25P210,ZINCpr000002rHx3,CCn1cc(Cl)c(C(=O)N2[C@H]3CCC[C@H]2CN(C(=O)[C@@H]2C[C@H]2F)C3)n1
H25P270,ZINCpx00000xCXNv,C[C@@]1(NC(=O)C2=C[C@@]3(CCN(C(=O)CP(C)(C)=O)C3)C2)CC=CCC1
H23P220,ZINCns00000r2f9b,C[C@H](CN=[N+]=[N-])NC(=O)C[C@@H](NC(=O)C1(C)CC=CC1)C(F)F
H25P300,ZINCpA00000O4g8e,CCc1cc(CN(C[C@@]2(F)CCOC2)C(=O)[C@@H]2CCOC2)ccc1C
H23P050,ZINCnb00000gEfFK,CCCCOCC(=O)N[C@@H]1CCN(C(=O)[C@H]2CC2(F)F)C[C@H]1O
H21P080,ZINCle00001bPvhj,CN(C)C(=O)C(C)(C)CNC(=O)N1CCO[C@@H](CCF)C1
H24M000,ZINCo500000204LM,COC[C@@H](O)C(=O)NC[C@@H](C1CC1)N(C)C(=O)Cc1ccccn1
H25M100,ZINCp400002sYBRQ,COC(=O)[C@]1(C)C[C@H](NC(=O)C2=CCN(C(=O)[C@H](O)CC(N)=O)C2)C1
H25M000,ZINCp500002sYBSl,COC(=O)[C@@]1(C)CCN1C(=O)C[C@H]1CCN(C(=O)[C@H]2CNC(=O)N2)C1
H25P210,ZINCpr000002rHGp,CCn1cc(Cl)c(C(=O)NCC[C@H](C)NC(=O)c2ccc(C)nc2)n1
H24P300,ZINCoA00000m13hU,Cn1cncc1[C@H]1CCCCN1C(=O)c1ccc(C(C)(C)O)cc1
H22P280,ZINCmy000006BXHH,CC1(C)[C@H](NC[C@H]2COC3(CCCCCC3)O2)[C@H]2CCO[C@H]21
H24P350,ZINCoF0000050tlK,CC[C@@H](CC(=O)N1CCC(NC(=O)CCCC2CC2)CC1)C1CC1
H24P150,ZINCol00000op9rP,Cc1cnc(CNC(=O)[C@H]2C[C@@H](O)CN2c2ncc(Br)c(C)n2)s1
H25P230,ZINCpt000003jo19,O=C(Cc1ccncc1Cl)N[C@]1(CF)CCN(C(=O)[C@@H]2C=CCC2)C1
H20P010,ZINCk700001bPvhd,CN(C)C(=O)C(C)(C)CNC(=O)CNC1CC(C#N)C1
H23P050,ZINCnb00000gEfAm,CCCCOCC(=O)NCC1(O)CN(C(=O)[C@@H]2C[C@H]2C2CC2)C1
H25M000,ZINCp500002sYBSi,COC(=O)[C@]1(C)CCN1C(=O)CC[C@H](C)NC(=O)[C@@H]([C@H](C)O)N(C)C
H23P300,ZINCnA000003KAaq,CC(C)C[C@@H](C)CN1CC[C@H]1CNC(=O)c1coc(C2CC2)n1
H25P130,ZINCpj00000SOeKi,O=C(NC/C=C/CC(=O)N1CCCC2(CCCC2)C1)[C@@H]1CCNC1=O
H25P310,ZINCpB00000O4g7S,CCC1CC(CN(CC2(F)CCCCC2)C(=O)[C@@H]2CSCC(=O)N2)C1
H23P220,ZINCns00000r2f92,C[C@H](CN=[N+]=[N-])NC(=O)C[C@@H]1CCCN(C(=O)C2SCCS2)C1
H21P370,ZINClH00000g4cod,C[C@@H]1Cc2cc(NC(=O)Nc3ccc(Cl)cn3)ccc2O1
H25M000,ZINCp500002sYBS3,COC(=O)[C@]1(C)C[C@H](NC(=O)[C@H](O)CNC(=O)Cn2ccc(C)n2)C1
H23P050,ZINCnb00000gEezb,CCCCCc1cn(CC(=O)N2CC[C@@H](CNC(N)=O)C2)nn1
H25P250,ZINCpv00000xCXO0,C[C@@]1(NC(=O)c2ccc3[nH]cc(Cc4nn[nH]n4)c3c2)CC=CCC1
H25M100,ZINCp400002sYBSv,COC(=O)[C@]1(C)CCN1C(=O)[C@H](NC(=O)CC(=O)N(C)C)C(C)(C)O
H25P030,ZINCp900000VW6G3,C[C@@H]1CN(c2ccncc2)CCN1C(=O)NC1(C)CN(S(C)(=O)=O)C1
H24P320,ZINCoC00000m13hF,Cn1cncc1[C@@H]1CCCCN1Cc1cc2c(nc1Cl)CCOC2
H24M000,ZINCo500000204uK,COC[C@@H](O)C(=O)NC[C@@H](C)CNC(=O)c1nc(C)c(C)nc1C
H25P380,ZINCpI00000FExrk,C[C@]1(Br)C[C@H]1CN(CC[C@@H]1CCC[C@H]1O)Cc1cccn2cncc12
H24P260,ZINCow000007IWIK,Cc1ccoc1C(=O)NCC[C@@]12CC[C@@H]1CN(C(=O)C1=CCC1)C2
H25P120,ZINCpi00000SOeJJ,O=C(NCCCCC(=O)N1CC2(CCOCC2)C1)[C@@H](F)n1ccnc1
H24P170,ZINCon00000si4fg,CCOC(=O)[C@@H]1C[C@]12C[C@@H]2C(=O)N[C@@H]1Cc2ccccc2N(C)C1
H23P210,ZINCnr00000r2f9a,C[C@H](CN=[N+]=[N-])NC(=O)C[C@@H](NC(=O)[C@@]1(C)CC1(F)F)C1CC1
H25P010,ZINCp700002sYBRV,COC(=O)[C@]1(C)C[C@H](NC(=O)[C@H]2CC[C@@H]([C@H]3COCCO3)O2)CCO1
H23P050,ZINCnb00000gEgAh,CCCCSCC(=O)N[C@H]1C[C@@H](NC(=O)[C@@H]2C[C@H](F)C(=O)N2)C1
H24P190,ZINCop00000si4fp,CCOC(=O)[C@@H]1C[C@]12C[C@@H]2C(=O)NNC(=S)Nc1ccc(C)cc1
H24P300,ZINCoA00000m13hE,Cn1cncc1CC(=O)N(Cc1ccc(O)cc1)C1CCCCC1
H23P050,ZINCnb00000gEgsP,CCCCSCC(=O)NCC1(F)CN(C(=O)CNC(=O)OC)C1
H23P050,ZINCnb00000gEfIT,CCCCOCC(=O)N[C@@H]1C[C@H](CNC(=O)[C@@H]2C[C@H]2F)C[C@H]1O
H21P250,ZINClv00000g4cob,C[C@H]1Cc2cc(NC(=O)CN3[C@H]4CC[C@@H]3CC4)ccc2O1
H25P230,ZINCpt000003jnIy,O=C(Cc1ccco1)N[C@H]1C[C@@H]2CN(C(=O)[C@@H]3CCCSC3)C[C@@H]2C1
H25P280,ZINCpy00000xCXOa,C[C@]1(NC(=O)C2CCCC2)CCN(C(=O)c2ccc(C3CC3)nc2)C1
H25P310,ZINCpB00000O4g7T,CCc1cc(CN(CC2(F)CCCCC2)C(=O)[C@H](C)OC(C)=O)no1
H25M000,ZINCp500000VW6Fp,C[C@@H]1[C@@H](NC(=O)CS(C)(=O)=O)CCCN1C(=O)CC1COCCOC1
H24P300,ZINCoA00000m13hz,Cn1cncc1CCNc1cncc(OCc2cccc(Cl)c2)n1
H24P100,ZINCog00000HLqfS,CC1(C)C[C@@H](NC(=O)C(C)(C)NC(=O)CN2CCSCC2)CCO1
H25M000,ZINCp500000VW6Fe,C[C@@H]1[C@@H](NC(=O)C(N)=O)CCN1C(=O)c1cnn(C[C@H]2CCCO2)c1
H25P210,ZINCpr000002rHKt,CCn1cc(Cl)c(C(=O)NC[C@@H]2[C@@H](C)CCN2C(=O)[C@@H]2CC2(F)F)n1
H22P310,ZINCmB00000azjLa,Cc1nc(Br)c(C(=O)N[C@]2(C)CCN(C(=O)C(C)(Cl)Cl)C2)s1
H25P210,ZINCpr000002rHGw,CCn1cc(Cl)c(C(=O)NCC[C@H](C)NC(=O)c2cncc(C)c2)n1
H25M000,ZINCp500002sYBRy,COC(=O)c1ccc(C(=O)NC[C@@]23CC[C@@](C(=O)OC)(CN2)C3)nn1
H24P300,ZINCoA00000m13hR,Cn1cncc1[C@@H]1CCCCN1C(=O)c1ccc2ncc(I)n2c1
H25P010,ZINCp700000VW6F4,C[C@H]1[C@H](NC(=O)CNC(=O)CCCCO)CCCN1C(=O)[C@@H]1C[C@@H]1F
H24P260,ZINCow000007IXcY,Cc1ccoc1C(=O)NC[C@H]1C[C@@H](NC(=O)c2ccccc2F)C1
H24P180,ZINCoo00000si4f0,CCOC(=O)[C@@H]1C[C@]12C[C@@H]2C(=O)Nc1cccc(OCCNC)c1
H22P340,ZINCmE00000azjLg,Cc1nc(Br)c(C(=O)N(C)C[C@@H](C)N(C)C(=O)/C(Cl)=C/Cl)s1
H25P040,ZINCpa00000VW6Fm,C[C@H]1[C@@H](NC(=O)CSc2cn[nH]c2)CCCN1C(=O)c1cnnn1C
H24P170,ZINCon00000si4fs,CCOC(=O)[C@@H]1C[C@]12C[C@H]2C(=O)OCc1cc(OC)nc(OC)c1
H24P180,ZINCoo00000si4f5,CCOC(=O)[C@@H]1C[C@@]12C[C@@H]2C(=O)NCc1cccc(NC(C)=O)c1
H25M000,ZINCp500000VW6Gb,C[C@@H]1CN(c2nccnc2C#N)CCN1C(=O)[C@@H]1COC2(CNC2)C1
H23P050,ZINCnb00000gEgyA,CCCCSCC(=O)N[C@@]1(C)CCN(C(=O)[C@@H](CO)N(C)C)C1
H24P080,ZINCoe00000HLqgi,CC1(C)C[C@@H](NC(=O)C[C@H]2CCN2C(=O)c2ccncc2)C(=O)O1
H24P060,ZINCoc00000HLqfY,CC1(C)C[C@@H](NC(=O)[C@](C)(CO)NC(=O)c2c[nH]nc2Cl)CCO1
H24P220,ZINCos00000mpIBN,C=CC(C)(C)CC(=O)N1CCSC[C@H]1C(=O)N[C@H]1CCC[C@@H]1OC
H24P260,ZINCow000007IXdA,Cc1ccoc1C(=O)NC[C@H]1C[C@@H]1NC(=O)c1ccc(C(F)F)o1
H25M000,ZINCp500002sYBRK,COC(=O)c1cc([C@@H]2CN(C(=O)[C@@]3(N)C[C@@]34CCOC4)CCO2)no1
H25P260,ZINCpw00000xCXNt,CC1(NC(=O)C2CC3(CCN(C(=O)COC4(C)CCCC4)C3)C2)CC1
H21P300,ZINClA00000g4cog,C[C@H]1CC2(CCN(C(=O)NCC3=CCCCC3)CC2)CO1
H23P200,ZINCnq00000r2f8O,C[C@H](CN=[N+]=[N-])NC(=O)CCCN(C)C(=O)c1ccc(O)cc1
H22P280,ZINCmy000006BXGc,CC1(C)[C@H](NC(=O)Cc2cc(Br)cs2)CCN1C(=O)C(F)F
H25P040,ZINCpa00002sYCkL,COC(=O)CCCNC(=O)C(C)(C)Cc1cn(CCC(=O)OC)nn1
H25P140,ZINCpk00000SOeJN,O=C(NCCCCC(=O)N1CCC12CC(CO)C2)c1ccc(F)cn1
H24P150,ZINCol00000op9s3,Cc1cnc(CNC(=O)[C@H]2CCN2C(=O)C(=O)c2ccccc2)s1
H23P050,ZINCnb00000gEg48,CCCCS(=O)(=O)CC(=O)N1CC[C@@H](NC(=O)[C@@H]2C[C@H]2CF)C1
H24P350,ZINCoF0000050tjh,CC[C@@H](CC(=O)N1CCC(CNC(=O)C(C)(C)F)CC1)C(C)(C)C
H25P340,ZINCpE00000FExre,C[C@@]1(Br)C[C@@H]1CN(CC[C@H]1CCCC[C@H]1O)C(=O)c1ccc(C#N)[nH]1
H25P260,ZINCpw00000xCXNQ,C[C@@]1(NC(=O)c2cc(C3CC3)[nH]n2)CCC[C@H]1NC(=O)[C@H]1CC1(Cl)Cl
H25P320,ZINCpC00000O4g7U,CCc1cc(CN(CC2(F)CCCCCC2)C(=O)C(F)(F)CO)no1
H20P080,ZINCke00001bPvhu,CN(C)C(=O)C(C)(C)CNC(=O)NCCOCC1CC1
H25M000,ZINCp500002sYBRW,COC(=O)[C@]1(C)C[C@H](NC(=O)[C@H]2C[C@H](O)[C@@H](NC(=O)[C@H](C)C#N)C2)C1
H24P200,ZINCoq00000mpIBV,CCC(CC)CC(=O)N1CC(SC)(C(=O)NC2CC(C)(CO)C2)C1
H24P100,ZINCog00000HLqg4,CC1=CC[C@H](NC(=O)[C@](C)(CO)NC(=O)[C@@H](C)C2(O)CCC2)CC1
H24M000,ZINCo500000204Vd,COC[C@@H](O)C(=O)NC[C@@H](NC(=O)c1cnccc1C#N)C(C)C
H25P230,ZINCpt000003jo5h,O=C(Cc1ccoc1)NC1([C@@H]2CCN(C(=O)C3C[C@@H]4C[C@H]4C3)C2)CC1
H22P280,ZINCmy000006BXr3,CC1(C)[C@@H](c2ccc(F)c(F)c2)CCN1C(=O)C[C@H]1CCN1
H25P370,ZINCpH00000FExrc,C[C@]1(Br)C[C@H]1CN(CC[C@H]1CCCC[C@H]1O)Cc1cnn(CCF)c1
H25M000,ZINCp500002sYBSG,COC(=O)c1ccc(N2CC[C@@H](CNC(=O)[C@H]3CCC(=O)N3)C2)nn1
H25P170,ZINCpn00000SOeJz,O=C(NC/C=C/CC(=O)N1CC2CC1(C(F)F)C2)[C@H]1C[C@@]12CCOC2
H23P230,ZINCnt00000r2f8Y,C[C@H](CN=[N+]=[N-])NC(=O)C(C)(C)NC(=O)[C@H]1[C@H]2CC[C@@H](C2)[C@H]1C
H22P280,ZINCmy000006BXHV,CC1(C)[C@H](N[C@H](CCO)C2CCCC2)CCCC12OCCO2
H21P040,ZINCla00001bPvhx,CN(C)C(=O)C(C)(C)CNC(=O)N[C@@H]1CN2CCC[C@H]1C2
H25P050,ZINCpb00000VW6Fn,C[C@H]1[C@@H](NC(=O)CSc2nc[nH]n2)CCN1C(=O)[C@H](O)C1CCCC1
H21P220,ZINCls00000g4co3,C[C@@H]1Cc2cc(CNC(=O)N3COCC3(C)C)ccc2O1
H22P280,ZINCmy000006BXHA,CC1(C)[C@H](NC[C@@H]2CC[C@H](C3CC3)O2)CCCC12OCCO2
H18P130,ZINCij00001bPvh2,CN(C)C(=O)C(C)(C)CNC(=O)[C@@H]1CC[C@@H](F)C1
H24M000,ZINCo500000204hk,COC[C@@H](O)C(=O)NCC[C@H]1CCCN1C(=O)C[C@H]1COCCO1
H23P050,ZINCnb00000gEf3G,CCCCN=C(NCc1c(Br)nnn1C)NC[C@H]1CNC(=O)C1
H25P370,ZINCpH00000FExro,C[C@]1(Br)C[C@H]1CN(CC[C@H]1CCC[C@H]1O)C(=O)c1ocnc1C(F)F
H25P080,ZINCpe00000VW6Fk,C[C@H]1[C@H](NC(=O)COC[C@@H]2CCOC2)CCCN1C(=O)c1ccon1
H25P250,ZINCpv00000xCXNA,CC1(NC(=O)c2cc3occc3s2)CN(C(=O)CCC(=O)C2CC2)C1
H25P310,ZINCpB00000O4g8b,CCC1CC(CN(C[C@@]2(F)CCOC2)C(=O)[C@H]2CC(C(C)C)=NO2)C1
H23P050,ZINCnb00000gEfIL,CCCCOCC(=O)N[C@@H]1C[C@@H]2C[C@H]1N(C(=O)C(F)(F)CO)C2
H25M000,ZINCp500002sYBVn,COC(=O)c1ccnc(N(C)C[C@@H](O)CNC(=O)c2c[nH]cc2F)n1
H25M000,ZINCp500002sYBSh,COC(=O)[C@]1(C)CCN1C(=O)CC(C)(C)NC(=O)[C@@H]1C[C@@H](O)CN1C
H25P230,ZINCpt000003jnX7,O=C(Cc1cccs1)N[C@H]1C=CCN(C(=O)c2ccc(F)c(O)c2)C1
H24P230,ZINCot00000mpIBS,CCC(CC)CC(=O)N1CC(SC)(C(=O)N2CC[C@]2(C)COC)C1
H21P150,ZINCll00001bPvhh,CN(C)C(=O)C(C)(C)CNC(=O)N1C[C@@H]2C[C@@H]3C[C@H]1[C@@H]2C3
H23P050,ZINCnb00000gEhvU,CCCC[C@@H](O)C(=O)N1C[C@@H](O)[C@@H](CNC(=O)CC(C)(F)F)C1
H25P090,ZINCpf00000VW6Fu,C[C@H]1[C@H](O)CCN1CC(=O)NNC(=O)Cc1cccc2ccccc12
H23P050,ZINCnb00000gEcDO,CCCCC(=O)N[C@H]1CCN(C(=O)Cn2ncccc2=O)[C@@H]1C
H25P210,ZINCpr000002rH7t,CCn1cc(Cl)c(C(=O)N(C)CC2CN(C(=O)C(F)(F)C3CC3)C2)n1
H25P260,ZINCpw00000xCXNE,C[C@@]1(NC(=O)C2=CCC2)CCC[C@H]1NC(=O)C1Cc2ccccc2C1
H23P300,ZINCnA000003KAak,CC(C)C[C@@H](C)CN1CC[C@H]1CNC(=O)c1c[nH]nc1C(C)C
H23P250,ZINCnv00000r2f8C,C[C@H](CN=[N+]=[N-])NC(=O)CC(C)(C)N(C)C(=O)[C@H]1CCCSC1
H24P320,ZINCoC00000m13hW,Cn1cncc1[C@H]1CCCCN1C(=O)c1ccc(C(=O)O)cc1Br
H25P130,ZINCpj00000SOeJt,O=C(NCC#CCCO)[C@H]1N(C(=O)[C@H]2C[C@@H]2C2CC2)CC12CCCC2
H23P050,ZINCnb00000gEf0t,CCCCN=C(NC[C@H](COC)OC)N1CCN(CC)C(=O)C1
H24P050,ZINCob00000HLqfU,CC1(C)C[C@@H](NC(=O)CCC(N)=O)CN1C(=O)[C@@H]1CCCC(=O)C1
H25P210,ZINCpr000002rHDb,CCn1cc(Cl)c(C(=O)NCCCN(C)c2ncccc2[N+](=O)[O-])n1
H17P090,ZINChf00001bPvgT,CN(C)C(=O)C(C)(C)CNC(=O)C[C@@H]1C[C@H]1F
H25M000,ZINCp500002sYBRz,COC(=O)c1ccc(C(=O)NCC2(CO)CCN(S(C)(=O)=O)CC2)o1
H24M000,ZINCo500000204VZ,COC[C@@H](O)C(=O)NC[C@@H](NC(=O)c1sc(CO)nc1C)C(C)C
H23P210,ZINCnr00000r2f8z,C[C@H](CN=[N+]=[N-])NC(=O)CC(C)(C)N(C)C(=O)C1=CCCCO1
H23P200,ZINCnq00000r2f96,C[C@H](CN=[N+]=[N-])NC(=O)C[C@H]1CCN1C(=O)c1cc(Cl)cn1C
H25P210,ZINCpr000002rGO1,CCn1cc(CC(=O)N[C@@H](C)C[C@H](C)Nc2ccc(C#N)nc2)cn1
H23P050,ZINCnb00000gEfFu,CCCCOCC(=O)N[C@@H]1CCN(C(=O)C2OCCO2)C[C@@H]1C
H22P280,ZINCmy000006BXtV,CC1(C)[C@@H]2[C@@H](CCN2C(=O)Nc2cccc(CCF)c2)[C@H]1O
H24P130,ZINCoj00000op9s9,C[C@@]1(C#N)CCN(C(=O)[C@@H]2CCN(C(=O)c3cnc(Cl)cn3)C2)C1
H24P120,ZINCoi00000op9rL,Cc1cnc(CNC(=O)[C@H]2C[C@H](NC(=O)[C@@](C)(O)C(F)(F)F)C2)s1
H25P130,ZINCpj00000SOeK4,O=C(NC/C=C/CC(=O)N1CC[C@]2(CCOC2=O)C1)C1CCSCC1
H21P120,ZINCli00001bPvhp,CN(C)C(=O)C(C)(C)CNC(=O)NCCC[C@H]1CCOC1
H25P180,ZINCpo00000SOeJA,O=C(NC/C=C/CC(=O)N1CC2CC1(C(F)F)C2)[C@@H]1O[C@H]2CC[C@H]1C2
H23P050,ZINCnb00000gEdeo,CCCCCC(=O)N1C[C@@H]2CCN(C(=O)CN(C)CCO)[C@@H]2C1
H22P290,ZINCmz00000azjLh,Cc1nc(Br)c(C(=O)N(C)C[C@H](C)NC(=O)C2(C)CCC2)s1
H25P120,ZINCpi00000SOeJr,O=C(NCCC#CCO)[C@@H]1CN(C(=O)CSCC(F)F)C2(CCC2)C1
H25P210,ZINCpr000002rHqK,CCn1cc(Cl)c(C(=O)N2CC[C@H]2CNC(=O)C2C=CC=CC=C2)n1
H25P210,ZINCpr000002rHIw,CCn1cc(Cl)c(C(=O)NC[C@@H](C)Nc2ncnc3cccnc23)n1
H25P030,ZINCp900000VW6Fl,C[C@H]1[C@@H](NC(=O)CO[C@H]2CCOC2)CCN1C(=O)C[C@@H]1CCCN1C
H24P060,ZINCoc00000HLqfX,CC1(C)C[C@H](NC(=O)[C@](C)(CO)NC(=O)c2ccncn2)C12CC2
H25M000,ZINCp500000VW6Fs,C[C@H]1[C@H](NC(=O)CS(=O)(=O)N(C)C)CCCN1C(=O)[C@H]1CC[C@@H](C)O1
H23P050,ZINCnb00000gEgCt,CCCCSCCC(=O)N1C[C@H](O)[C@H](NC(=O)[C@@H](C)N(C)C)C1
H25P070,ZINCpd00000VW6FA,C[C@H]1CN2CCN1C[C@@H]2C(=O)NCCC(C)(C)CNC(=O)C(C)(C)F
H25P260,ZINCpw00000xCXO5,C[C@@]1(NC(=O)C2CC=CC2)CCC[C@H]1NC(=O)CC[C@H]1CCC(=O)C1
H25P080,ZINCpe00000VW6Fj,C[C@H]1[C@H](NC(=O)CO)CCCN1C(=O)c1cncc(OCC(F)F)c1
H24M000,ZINCo500000204Ho,COC[C@@H](O)C(=O)NC[C@@H](C)NC(=O)c1ccc(C(OC)OC)o1
H23P050,ZINCnb00000gEhuC,CCCC[C@@H](O)C(=O)N1CC[C@](O)(CNC(=O)C2CC=CC2)C1
H25M000,ZINCp500002sYBSn,COC(=O)[C@]1(C)CCN1C(=O)CCN(CC1CC1)C(=O)[C@@H](C)NC=O
H25P160,ZINCpm00000SOeKg,O=C(NC/C=C/CC(=O)N1CCCC12CCOCC2)[C@H]1CCCOC1
H23P300,ZINCnA000003KA1l,CC(C)C[C@@H](C)CN(C)CCCNC(=O)c1cc(C(F)F)[nH]n1
H25P090,ZINCpf00002sYBSA,COC(=O)C1(CCCn2cc(CCCN(C)C(=O)C(C)=O)nn2)CC1
H22P290,ZINCmz00000azjLi,Cc1nc(Br)c(C(=O)NCC[C@H](C)NC(=O)C2=CCCC2)s1
H23P050,ZINCnb00000gEdxk,CCCCCC(=O)N[C@@H]1CN(C(=O)C2CCN(C)CC2)C[C@H]1O
H23P050,ZINCnb00000gEgOb,CCCC[C@@H](C)C(=O)NC(C)(C)CNC(=O)[C@@H]1CCS(=O)(=O)N1
H25P230,ZINCpt000003jo0Z,O=C(Cc1ccncc1Cl)N[C@@]1(CF)CCN(C(=O)C=CC2CC2)C1
H24P180,ZINCoo00000si4fx,CCOC(=O)[C@@H]1C[C@@]12C[C@@H]2C(=O)OCC(=O)OCc1ccccc1
H21P230,ZINClt00000g4co8,C[C@H]1Cc2cc(NC(=O)CCc3nc(Cl)n[nH]3)ccc2O1
H23P210,ZINCnr00000r2f8P,C[C@H](CN=[N+]=[N-])NC(=O)/C=C/CN(C)C(=O)c1cncc(Cl)c1
H19P030,ZINCj900001bPvgF,CN(C)C(=O)C(C)(C)CNC(=O)[C@]12C[C@@H]1CC[C@H]2N
H25P260,ZINCpw00000xCXNn,CC1(NC(=O)C2=C[C@@]3(CCN(C(=O)[C@H]4CC45CC5)C3)C2)CC(F)(F)C1
H25P190,ZINCpp00000SOeJi,O=C(NCCCCCO)[C@H]1[C@@H]2C[C@H]1CN2C(=O)[C@@H]1[C@H]2CCCCC[C@H]21
H25P230,ZINCpt000003jnRf,O=C(Cc1cccs1)NC[C@@H]1CCCN1C(=O)C1([C@H]2CCCO2)CC1
H23P050,ZINCnb00000gEdlV,CCCCCC(=O)NCC1(O)CC(NC(=O)C2=COCCO2)C1
H25P280,ZINCpy00000xCXO1,C[C@@]1(NC(=O)C2CC=CC2)CCCC[C@@H]1C(=O)N1CC2(C1)CC2(F)F
H23P050,ZINCnb00000gEfJs,CCCCOCC(=O)N[C@@H]1[C@H]2CCN(C(=O)[C@@]34COC[C@@H]3C4)[C@H]21
H25P290,ZINCpz00000O4g8h,CCC1CC(CN(C[C@]2(F)CCOC2)C(=O)[C@@H](C)Cc2cnc[nH]2)C1
H24P100,ZINCog00000HLqg8,CC1=CC[C@H](NC(=O)C[C@H]2CCCN2C(=O)[C@H]2COC(=O)N2)CC1
H23P050,ZINCnb00000gEdz3,CCCCCC(=O)N[C@@H]1CN(C(=O)c2c[nH]ccc2=N)C[C@@H]1O
H24P260,ZINCow000007IX8L,Cc1ccoc1C(=O)NC[C@H]1CCCN(C(=O)C2=CCCSC2)C1
H25P210,ZINCpr000002rHmC,CCn1cc(Cl)c(C(=O)N2CCSC[C@@H]2CCNC(=O)[C@H]2C=C2C)n1
H24P260,ZINCow000007IWX7,Cc1ccoc1C(=O)NC[C@@H]1C[C@H](C)CCN1C(=O)C#CC(C)C
H23P050,ZINCnb00000gEddJ,CCCCCC(=O)N1C[C@@H](O)[C@H](N(C)C(=O)Cc2cn[nH]c2)C1
H25P300,ZINCpA00000O4g7O,CCc1cc(CN(CC2(F)CCC2)C(=O)[C@@H](OC)C2(C)CC2)n(C)n1
H25P130,ZINCpj00000SOeJZ,O=C(NC/C=C/CC(=O)N1CCc2ccncc21)[C@H](F)n1ccnc1
H25P140,ZINCpk00000SJ7JG,C=C[C@@H](OC)C(=O)N[C@@H]1CCC[C@@H](C(=O)N[C@@H](C)c2nccn2C)C1
H24P230,ZINCot00000mpIBZ,CCC=CC=CC(=O)N1CC(SC)(C(=O)NC[C@@](C)(CC)OC)C1
H25P300,ZINCpA00000O4g7K,CCc1cc(CN(CC2(F)CCC2)C(=O)C2(C)CC(OC)C2)n(C)n1
H25M100,ZINCp400000VW6G8,C[C@@H]1CNc2c(C(=O)N3C[C@@H](O)C[C@H](NC(=O)C(N)=O)C3)cnn2C1
H25P130,ZINCpj00000SOeJ7,O=C(NCC#CCCO)[C@@H]1C[C@H](F)CCN1C(=O)C[C@]12CCC[C@H]1C2
H25P110,ZINCph00000VW6Fr,C[C@H]1[C@H](NC(=O)CS(=O)(=O)C2CC2)CCCN1C(=O)C1C[C@@H]2C[C@H]2C1
H25P210,ZINCpr000002rHcD,CCn1cc(Cl)c(C(=O)N(C)[C@H](C)CNC(=O)[C@H](CC(C)C)OC)n1
H25P090,ZINCpf00002sYBSJ,COC(=O)C1(CCCn2cc(CNC(=O)COCC(F)F)nn2)CC1
H25P160,ZINCpm00000SOeJX,O=C(NCCCCC(=O)N1CC[C@@]2(C=CCO2)C1)c1cncc(F)c1
H24P170,ZINCon00000si4f9,CCOC(=O)[C@@H]1C[C@]12C[C@@H]2C(=O)NCCc1cccc(OCC)n1
H19P090,ZINCjf00001bPvgI,CN(C)C(=O)C(C)(C)CNC(=O)C1CCC(=O)CC1
H25M000,ZINCp500002sYBRL,COC(=O)c1cc([C@H](c2nnnn2C)N2CCCNC(=O)C2)oc1C
H24M000,ZINCo500000204rs,COC[C@@H](O)C(=O)NC[C@@H](C)CNC(=O)Cc1cccc(N)c1N
H24P230,ZINCot00000mpIBX,CCCC(C)=CC(=O)N1CC(SC)(C(=O)NCC2CC(C#N)C2)C1
H25P120,ZINCpi00000SJ7JE,C=C[C@H](OC)C(=O)N[C@@H]1CCC[C@@H](C(=O)N[C@@H](C)c2cnn[nH]2)CC1
H25M000,ZINCp500002sYBSm,COC(=O)[C@]1(C)CCN1C(=O)C[C@H](C)NC(=O)c1cnn(C)c(=O)c1
H23P050,ZINCnb00000gEdwR,CCCCCC(=O)N[C@@H]1CCN(C(=O)[C@H]2CCN(C)C2)C[C@H]1O
H23P050,ZINCnb00000gEcSz,CCCCC1(C(=O)N2CCN(C(=O)C=CCO)[C@@H](CO)C2)CC1
H23P050,ZINCnb00000gEfkL,CCCCOCC(=O)N1CCN(C(=O)C2CC(F)C2)[C@@H](CO)C1
H25P130,ZINCpj00000SOeJe,O=C(NCCCCCO)[C@@H]1CCO[C@@H]1CNC(=O)C1(CCF)CCC1
H25P040,ZINCpa00002sYBRI,COC(=O)[C@@]1(C)C[C@@H]1CNC(=O)[C@H]1CCC[C@@H]1c1cn(CCO)nn1
H25M000,ZINCp500002sYBSE,COC(=O)c1ccc(N2CC[C@](C)(NC(=O)[C@@H](C)S(N)(=O)=O)C2)nn1
H22P300,ZINCmA00000azjLe,Cc1nc(Br)c(C(=O)NCCC[C@@H](C)NC(=O)C2CCC2)s1
H22P300,ZINCmA00000azjLd,Cc1nc(Br)c(C(=O)NCCCCCNC(=O)C2(C)CC2)s1
H24P090,ZINCof00000HLqfM,CC1(C)C[C@H](NC(=O)CCCNC(=O)[C@@H]2CN3CCC2CC3)CO1
H25P330,ZINCpD00000O4g7I,CCc1cc(CN(CC2(F)CC2)C(=O)CN2C[C@H]3C[C@@H]3C2)ccc1C
H25P110,ZINCph00002sYBSa,COC(=O)c1cc(Cl)cc(C(=O)N2CC3(C[C@H]2C(=O)O)OCCO3)c1
H23P210,ZINCnr00000r2f8U,C[C@H](CN=[N+]=[N-])NC(=O)CCCNC(=O)[C@]12CCC[C@@H]1C2(F)F
H23P300,ZINCnA000003KAa9,CC(C)C[C@@H](C)CN1CC[C@H](NC(=O)c2cnns2)C(C)(C)C1
H25M100,ZINCp400000VW6FI,C[C@H]1CN2CCN1[C@H](C(=O)NC1(CCO)CN(C(=O)C3(F)CC3)C1)C2
H24P280,ZINCoy00000m13hX,Cn1cncc1[C@@H]1CCCCN1C(=O)c1ccc(F)c2[nH]ncc12
H24P060,ZINCoc00000HLqgj,CC1(C)C[C@@H](NC(=O)C[C@H]2CCN2C(=O)c2cc[n+]([O-])cc2)CO1
H25P190,ZINCpp00000SOeJQ,O=C(NCCCCC(=O)N1CCC12CC(O)C2)c1cc(F)ccc1F
H25P210,ZINCpr000002rHk7,CCn1cc(Cl)c(C(=O)N2CCC[C@@H]2C2(NC(=O)C3CSC3)CC2)n1
H24P260,ZINCow000007IWL5,Cc1ccoc1C(=O)NCC[C@H]1C[C@@H](NC(=O)[C@@H]2C[C@@H]3C[C@@H]3C2)C1
H25P230,ZINCpt000003jnuf,O=C(Cc1cccnc1Cl)N[C@]1(CF)CCN(C(=O)C2CC=CC2)C1
H20P050,ZINCkb00001bPvgP,CN(C)C(=O)C(C)(C)CNC(=O)C#CC(C)(C)N(C)C
H25P130,ZINCpj00000SOeJg,O=C(NCCC#CCO)[C@H]1[C@H]2CCC[C@H]2CN1C(=O)C(F)=CC1CC1
H23P050,ZINCnb00000gEcMA,CCCCC(=O)N[C@H]1C[C@@](F)(CNC(=O)CC2=NNC(=O)C2)C1
H22P280,ZINCmy000006BXGK,CC1(C)[C@H](NC(=O)c2cc(Br)sn2)CCN1C(=O)CC1CC1
H25P210,ZINCpr000002rGO3,CCn1cc(CC(=O)N[C@@H](C)[C@@H](Nc2cc(C)ncn2)C(C)C)cn1
H23P300,ZINCnA000003KA8g,CC(C)C[C@@H](C)CN1CCN(C(=O)c2ncccc2F)[C@@H](C)C1
H20P020,ZINCk800001bPvhg,CN(C)C(=O)C(C)(C)CNC(=O)N1CC[C@@H](O)[C@H](F)C1
H25P260,ZINCpw00000xCXNp,CC1(NC(=O)C2CC3(CCN(C(=O)[C@@H]4Cc5ccccc54)C3)C2)CC1
H25M000,ZINCp500000VW6F9,C[C@H]1[C@@H](NC(=O)CNC(=O)C(F)(F)F)CCN1C(=O)[C@@H](O)CC(F)F
H22P280,ZINCmy000006BXrl,CC1(C)[C@@H](c2ccccc2)CCN1S(=O)(=O)C1CC(C#N)C1
H20P060,ZINCkc00001bPvh4,CN(C)C(=O)C(C)(C)CNC(=O)[C@H]1CC(F)(F)CCN1
H24P180,ZINCoo00000si4fi,CCOC(=O)[C@@H]1C[C@]12C[C@@H]2C(=O)N[C@H](CO)c1ccc(C)cc1F
H18P120,ZINCii00001bPvh1,CN(C)C(=O)C(C)(C)CNC(=O)[C@H]1CC[C@H]2C[C@H]21
H21P080,ZINCle00001bPvgD,CN(C)C(=O)C(C)(C)CN[C@H]1CNCC2(CCOCC2)C1
H25P210,ZINCpr000002rH8E,CCn1cc(Cl)c(C(=O)N(C)CCCNC(=O)C(=O)CCC(C)C)n1
H25P160,ZINCpm00000SJ7JC,CC[C@H](O)CC(=O)N[C@@H]1CCC[C@@H](C(=O)N[C@H]2CCC[C@H](O)CC2)C1
H24P230,ZINCot00000mpIBL,CCC(C)(C)CC(=O)N1CCSC[C@@H]1C(=O)N(C)[C@H](C)C(C)(C)O
H24P280,ZINCoy00000m13hO,Cn1cncc1[C@@H]1CCCCN1CC(=O)Nc1ccc(F)c(F)c1
H25P270,ZINCpx00000xCXO2,C[C@@]1(NC(=O)C2CCCC2)CCC[C@H]1NC(=O)c1cnc(O)c(Cl)c1
H24P260,ZINCow000007IXcM,Cc1ccoc1C(=O)NC[C@H]1C[C@@H](NC(=O)[C@H]2CCCC2(F)F)C1
H25P260,ZINCpw00000xCXNY,C[C@]1(NC(=O)c2ccc3nccn3c2)C[C@@H](C(=O)NCC(Cl)=CCl)C1
H25P120,ZINCpi00000SOeKb,O=C(NC/C=C/CC(=O)N1CC(c2ncc[nH]2)C1)c1ccc(F)cn1
H19P060,ZINCjc00001bPvgW,CN(C)C(=O)C(C)(C)CNC(=O)CCNCC1CC1
H24P280,ZINCoy00000m13hJ,Cn1cncc1[C@H]1CCCCN1CC[C@@H]1NC(=O)c2ccccc21
H24P150,ZINCol00000op9rG,Cc1cncc(NC(=O)[C@H]2C[C@@H](NCc3cccc(C#N)n3)C2)n1
H25P060,ZINCpc00000VW6FT,C[C@H]1Cn2nccc2CN1N1CCCN(CC(=O)N2CCCC2)CC1
H25P300,ZINCpA00000O4g85,CCc1cc(CN(C[C@@]2(F)CCOC2)C(=O)c2cn[nH]c2)ccc1C
H25P190,ZINCpp00000SOeJW,O=C(NCCCCC(=O)N1CC[C@@]2(CC=CCO2)C1)c1n[nH]cc1Cl
H21P210,ZINClr00000g4coi,C[C@H]1CC2(CCN(C(=O)NCCCCCCN)CC2)CO1
H21P080,ZINCle00001bPvgN,CN(C)C(=O)C(C)(C)CNC(=O)CC1[C@H]2CC[C@H]1CNC2
H21P280,ZINCly00000g4coc,C[C@H]1Cc2cc(NC(=O)N3[C@H](C)CCCN3C)ccc2O1
H25P300,ZINCpA00000O4g8f,CCc1cc(CN(C[C@@]2(F)CCOC2)C(=O)[C@H]2CCOC2)ccc1C
H25P170,ZINCpn00000SOeJI,O=C(NC/C=C/CC(=O)N1CC2(CCOCC2)C1)c1ccccc1O
H21P090,ZINClf00001bPvhq,CN(C)C(=O)C(C)(C)CNC(=O)N(C)C[C@@H]1CCC[C@H]1O
H25P330,ZINCpD00000O4g86,CCc1cc(CN(C[C@]2(F)CCOC2)C(=O)CCc2ccsc2)no1
H19P150,ZINCjl00001bPvho,CN(C)C(=O)C(C)(C)CNC(=O)N(C)CC1CCC1
H22P280,ZINCmy000006BXFe,CC1(C)[C@H](NC(=O)C2CCCCC2)CCN1C(=O)CCCF
H24P140,ZINCok00000op9rO,Cc1cncc(NC(=O)[C@@H]2C[C@H](O)CCN2C(=O)NCCCCl)c1
H23P050,ZINCnb00000gEh3z,CCCC[C@@H](CNC(=O)[C@@H](C)C(F)F)NC(=O)c1nnn(C)n1
H24P160,ZINCom00000si4ft,CCOC(=O)[C@@H]1C[C@]12C[C@H]2C(=O)OC[C@H]1CCc2cnn(C)c2C1
H19P010,ZINCj700001bPvhz,CN(C)C(=O)C(C)(C)CNC(=O)NOCC(C)(C)O
H25P160,ZINCpm00000SOeJH,O=C(NCCCCC(=O)N1Cc2ccncc2C1)c1c[nH]c(=S)cn1
H21P120,ZINCli00001bPvhy,CN(C)C(=O)C(C)(C)CNC(=O)N[C@H](CC#N)C(F)(F)F
H25P230,ZINCpt000003jnYX,O=C(Cc1ccnc(F)c1)N[C@H]1C=CCN(C(=O)c2cc(Br)co2)C1
H25P300,ZINCpA00000O4g8l,CCC1CC(CN(CC2(n3cccn3)CC2)C(=O)COCC2CC2)C1
H25P150,ZINCpl00000SOeKd,O=C(NCCCCC(=O)N1CCC[C@]12CCNC2=O)c1csnc1Cl
H24P260,ZINCow000007IWFM,Cc1ccoc1C(=O)NCCNC(=O)c1cc2ncc(Br)cc2o1
H25P170,ZINCpn00000SOeJF,O=C(NCCCCC(=O)N1CC2(CC[C@H]2O)C1)C1=C[C@H]2C=C[C@@H](C1)C2
H25M000,ZINCp500002sYBSC,COC(=O)c1ccc(N2CCC[C@@H]2CNC(=O)Cn2ccnn2)nn1
H25M100,ZINCp400002sYBSD,COC(=O)c1ccc(-n2cc(C[C@@H](CO)NC[C@H](O)CO)nn2)cc1
H24P170,ZINCon00000si4f1,CCOC(=O)[C@@H]1C[C@]12C[C@@H]2C(=O)Nc1ccc(COCCO)cc1
H25P080,ZINCpe00000VW6Gd,C[C@H]1CN(c2nccnc2C#N)CCN1N1CC[C@@H](C2=NOCC2)C1
H23P300,ZINCnA000003KA1j,CC(C)C[C@@H](C)CN(C)CCCNC(=O)C[C@H]1C[C@H]2CC[C@H]1O2
H24P260,ZINCow000007IWKq,Cc1ccoc1C(=O)NCC[C@H]1CCN(C(=O)c2coc(Br)n2)C1
H23P300,ZINCnA000003KA5I,CC(C)C[C@@H](C)CN1CCCO[C@@H](CNC(=O)C2(C)CCC2)C1
H23P250,ZINCnv00000r2f8M,C[C@H](CN=[N+]=[N-])NC(=O)/C=C/[C@H]1CCCN1C(=O)CCC1CC1
H25P280,ZINCpy00000xCXOf,C[C@@]1(NC(=O)C2=CCCCC2)CCCC[C@@H]1C(=O)N1CCCOCC1
H25P250,ZINCpv00000xCXNS,C[C@]1(NC(=O)c2cc(C3CC3)sn2)CCN(C(=O)Cc2ccco2)C1
H25P120,ZINCpi00000SOeJ8,O=C(NCCCCCO)[C@@H]1C[C@@H](NC(=O)[C@@]23C=C[C@@H](CC2)C3)CCO1
H20P050,ZINCkb00001bPvha,CN(C)C(=O)C(C)(C)CNC(=O)[C@@H](F)[C@@H]1CCCNC1
H23P050,ZINCnb00000gEgnL,CCCCSCC(=O)N1CC[C@H](N(CCO)C(=O)C2COC2)C1
H25M000,ZINCp500000VW6FP,C[C@@H]1CN2CCN1[C@@H](C(=O)NCCNC(=O)c1c(N)cncc1Br)C2
H25P330,ZINCpD00000O4g80,CCc1cc(CN(C[C@]2(F)CCCOC2)C(=O)[C@H](C)CC(F)F)on1
H25P100,ZINCpg00000VW6Ft,C[C@H]1[C@H](NC(=O)CSS(C)(=O)=O)CCCN1C(=O)c1ccc(CO)s1
H25P150,ZINCpl00000SOeKf,O=C(NC/C=C/CC(=O)N1CC=CC12CCOCC2)[C@@H]1CCCCO1
H24P300,ZINCoA00000m13hC,Cn1cncc1CCOc1ccc2cnn([C@@H]3CCCCO3)c2c1
H25M000,ZINCp500002sYBSx,COC(=O)[C@]1(C)CCN1C(=O)CSCCNC(=O)C[C@@H]1CCC(=O)N1
H25P070,ZINCpd00000VW6FH,C[C@H]1CN2CCN1[C@H](C(=O)N1CCN(C(=O)c3cocc3Br)CC1)C2
H23P050,ZINCnb00000gEgXa,CCCC[C@@H](CC)C(=O)N[C@@H]1CN(C(=O)C(F)(F)CO)C[C@@H]1O
H21P310,ZINClB00000g4co7,C[C@@H]1CC2(CCN(C(=O)/C=C/c3ccccc3)CC2)CO1
H25P080,ZINCpe00002sYBRD,COC(=O)c1ccc(C(=O)N[C@H]2CCC[C@H]2NC(=O)[C@H](C)[C@H](C)O)o1
H24P040,ZINCoa00000HLqfP,CC1(C)C[C@H](NC(=O)CCCNC(=O)[C@H](O)CC(F)(F)F)C(=O)O1
H25P150,ZINCpl00000SOeKj,O=C(NCCCCC(=O)N1CCC[C@]2(C=CCO2)C1)[C@H]1CC=CCO1
H25P300,ZINCpA00000O4g7W,CCc1cc(CN(C[C@]2(F)CCCOC2)C(=O)C2(CC)CC2)n(C)n1
H21P020,ZINCl800001bPvgE,CN(C)C(=O)C(C)(C)CNC(=O)C12CCC(CN)(CC1)O2
H25M100,ZINCp400002sYBRZ,COC(=O)[C@]1(C)C[C@H](NC(=O)[C@H](Cc2cn[nH]c2)NC(=O)C(N)=O)C1
H25P140,ZINCpk00000SOeK2,O=C(NCCCCC(=O)N1CC[C@@]2(CCO2)C1)[C@@H]1CC(=O)C12CCC2
H25M100,ZINCp400002sYBRC,COC(=O)c1ccc(C(=O)NCCOCCCNS(=O)(=O)CCO)[nH]1
H24P260,ZINCow000007IX8O,Cc1ccoc1C(=O)NC[C@H]1CCCN(C(=O)[C@@H]2CCC2(F)F)C1
H23P050,ZINCnb00000gEfTM,CCCCO[C@@H](C)C(=O)NCC#CCNC(=O)[C@H]1CC(C)=NO1
H25P280,ZINCpy00000xCXOb,C[C@]1(NC(=O)c2cccc3c2CCC3)C[C@@H](C(=O)N2CC=CCC2)C1
H25P190,ZINCpp00000SOeJB,O=C(NCCCCC(=O)N1Cc2ccccc2C1)[C@@H]1C[C@H](O)[C@@H](F)C1
H23P050,ZINCnb00000gEd4L,CCCCCC(=O)N1CCN(C(=O)CC(=O)OCC)C[C@H]1CO
H25P050,ZINCpb00000VW6Gh,C[C@@H]1CN=C2NC(C(=O)N[C@@H](CCc3ccncc3)C(=O)O)=NN2C1
H23P300,ZINCnA000003KA4m,CC(C)C[C@@H](C)CN1CC2(C1)CN(C(=O)CC(C)(C)C)CCO2
H25P280,ZINCpy00000xCXO7,C[C@]1(NC(=O)C2CCCC2)C[C@@H](C(=O)Nc2ccc3c(c2)OCO3)C1
H25P000,ZINCp600002sYBSK,COC(=O)c1ccc(-n2cc(CO[C@@H](C)CNC(=O)CO)nn2)cc1
H24P070,ZINCod00000HLqgb,CC1=CC[C@H](NC(=O)C[C@H]2C[C@H]2CNC(=O)C2CS(=O)(=O)C2)CC1
H23P260,ZINCnw00000r2f8G,C[C@H](CN=[N+]=[N-])NC(=O)C/C=C/CNC(=O)C=CC1CCCC1
H24P070,ZINCod00000HLqgg,CC1(C)C[C@H](NC(=O)C[C@@H]2C[C@@H](O)CN2C(=O)CC#N)C(C)(C)O1
H25P230,ZINCpt000003jnuO,O=C(Cc1ccco1)N1CC2(C1)CN(C(=O)C[C@@H]1CC[C@@H]3C[C@@H]3C1)C2
H25P190,ZINCpp00000SOeK6,O=C(NC/C=C/CC(=O)N1CCc2cncnc2C1)c1csc(F)c1
H25P340,ZINCpE00000FExrj,C[C@]1(Br)C[C@@H]1CN(CC[C@@H]1CCCC[C@H]1O)C(=O)[C@@H](O)CC1CCC1
H25P320,ZINCpC00000O4g8n,CCC1CC(CN(Cc2nc3c([nH]2)CCCC3)CC2(C)OCCO2)C1
H24P180,ZINCoo00000si4fb,CCOC(=O)[C@@H]1C[C@@]12C[C@@H]2C(=O)NCCc1c[nH]c2ncccc12
H24M000,ZINCo500000204VH,COC[C@@H](O)C(=O)NC[C@@H](NC(=O)c1ncc(C)cc1O)C(C)C
H24P070,ZINCod00000HLqg6,CC1(C)C[C@H](NC(=O)C[C@H]2C=C[C@@H](NC(=O)C(F)(F)CO)C2)CO1
H24P350,ZINCoF0000050tjx,CC[C@@H](CC(=O)N1CCC(CNC(=O)C[C@H](C)C(C)C)CC1)SC
H25P290,ZINCpz00000O4g7L,CCc1cc(CN(CC2(F)CCC2)C(=O)c2cnn(C)c2Cl)n(C)n1
H25P380,ZINCpI00000FExrl,C[C@@]1(Br)C[C@@H]1CN(CC[C@H]1CCC[C@H]1O)Cc1nc(C2CCC2)no1
H25M000,ZINCp500002sYBS7,COC(=O)[C@]1(C)C[C@@H](NC(=O)N2CC([C@H]3CC(=O)NC3=O)C2)CCO1
H25P000,ZINCp600000VW6F5,C[C@H]1[C@H](NC(=O)CNC=O)CCCN1C(=O)Cc1cnn(C2CC2)c1
H23P230,ZINCnt00000r2f8x,C[C@H](CN=[N+]=[N-])NC(=O)CCC[C@@H](C)NC(=O)[C@H](F)C(F)(F)F
H24P180,ZINCoo00000si4fv,CCOC(=O)[C@@H]1C[C@@]12C[C@@H]2C(=O)OCC(=O)Nc1ccc(Cl)cn1
H24P260,ZINCow000007IX4e,Cc1ccoc1C(=O)NC[C@H](C)NC(=O)[C@@H]1C[C@@H]2CSC[C@@H](C2)C1
H24P260,ZINCow000007IWTx,Cc1ccoc1C(=O)NC[C@@H]1CC[C@@H]1NC(=O)CC1CC(F)(F)C1
H24P050,ZINCob00000HLqfQ,CC1(C)C[C@H](NC(=O)C(C)(C)NC(=O)CN2CCCCC2)C(=O)O1
H24P130,ZINCoj00000op9s7,Cc1cncc(NC(=O)[C@H]2CCN(C(=O)c3ccnc(Cl)n3)C2)n1
H24M000,ZINCo500000204p3,COC[C@@H](O)C(=O)NC[C@@H](C)CN(C)C(=O)c1coc(C(N)=O)c1
H25M100,ZINCp400000VW6FG,C[C@H]1CN2CCN1C[C@@H]2C(=O)N[C@H]1C[C@@](C)(NC(=O)/C=C\C(N)=O)C1
H25P260,ZINCpw00000xCXNX,C[C@@]1(NC(=O)c2ccc3nccn3c2)CCCN(C(=O)CC(Cl)Cl)C1
H25P090,ZINCpf00002sYBRN,COC(=O)c1cc([C@H](C(=O)NC[C@H]2CCOC2)N(C)[C@@H]2C[C@H]2C)no1
H24P190,ZINCop00000si4f4,CCOC(=O)[C@@H]1C[C@]12C[C@@H]2C(=O)NCc1c(C)cc(C)nc1OC
H23P050,ZINCnb00000gEcPG,CCCCC(=O)N[C@H]1[C@H]2[C@@H](O)C[C@@H]1CN2C(=O)c1cnc(C)[nH]1
H23P210,ZINCnr00000r2f97,C[C@H](CN=[N+]=[N-])NC(=O)C[C@H]1CCN(C(=O)C2CSC2)C1(C)C
H23P050,ZINCnb00000gEfSU,CCCCO[C@@H](C)C(=O)N1C[C@@H]2C[C@H]1[C@@H]2NC(=O)[C@@H](O)C(F)F
H23P050,ZINCnb00000gEfi8,CCCCOCC(=O)N1CC(NC(=O)c2nc(Br)cnc2N)C1
H25P310,ZINCpB00000O4g7X,CCC1CC(CN(C[C@@]2(F)CCCOC2)C(=O)c2cn(C)nc2C)C1
H25P340,ZINCpE00000FExrh,C[C@]1(Br)C[C@H]1CN(CC[C@H]1CCCC[C@H]1O)C(=O)[C@H]1CCCC[C@H]1O
H25P330,ZINCpD00000O4g7P,CCc1cc(CN(CC2(F)CCC2)C(=O)COc2ccsc2)n(C)n1
H25P250,ZINCpv00000xCXNy,C[C@@]1(NC(=O)C2CC3(CSC3)C2)CCC[C@H]1NC(=O)Cc1ccoc1
H22P290,ZINCmz00000azjLk,Cc1nc(Br)c(C(=O)N(C)CCN(C(=O)C2CC2)C(C)C)s1
H25P190,ZINCpp00000SJ7JJ,CC[C@H](OC)C(=O)N[C@H]1CCC[C@H](NC(=O)c2nn(C)c(C)c2Cl)C1
H25P150,ZINCpl00000SOeK1,O=C(NC/C=C/CC(=O)N1CC[C@]2(CCO2)C1)c1cccc(O)c1F
H23P180,ZINCno00000I6oCX,C=C=C(C)CC(=O)N1C[C@H](NC(=O)c2c(I)cnn2C)C[C@@H]1C
H25P290,ZINCpz00000O4g82,CCc1cc(CN(C[C@@]2(F)CCOC2)C(=O)C2C=CC=CC=C2)no1
H25P110,ZINCph00002sYBRP,COC(=O)C1CC([C@H](NC(=O)[C@]2(C3CCC3)CCCO2)C(=O)OC)C1
H25P270,ZINCpx00000xCXNu,CC1(NC(=O)C2CC3(CC(NC(=O)C(=O)C(C)(C)C)C3)C2)CCCC1
H24P260,ZINCow000007IX8u,Cc1ccoc1C(=O)NC[C@H]1CCCCN(C(=O)[C@H](F)C2CC2)C1
H24P200,ZINCoq00000mpIBE,CC(C)CCCC(=O)N1CCSC[C@@H]1C(=O)NCC[C@H]1C[C@H](O)C1
H24P280,ZINCoy00000m13hY,Cn1cncc1[C@@H]1CCCCN1C(=O)c1ccc(F)c([N+](=O)[O-])c1
H25P210,ZINCpr000002rGUL,CCn1cc(CC(=O)N[C@H](CCNC(=O)[C@@H](C)C2CC2)C(C)C)cn1
H24M000,ZINCo500000204Hv,COC[C@@H](O)C(=O)NC[C@@H](C)NC(=O)c1ccc(N)cc1[N+](=O)[O-]
H23P050,ZINCnb00000gEcYy,CCCCCC(=O)N(C)CCNC(=O)C[C@H]1CCC(=O)NC1=O
H18P160,ZINCim00001bPvgO,CN(C)C(=O)C(C)(C)CNC(=O)C(C)(C)CCF
H24P280,ZINCoy00000m13hN,Cn1cncc1[C@@H]1CCCCN1CC(=O)[C@H](C#N)c1ccccc1
H25P210,ZINCpr000002rGQg,CCn1cc(CC(=O)N[C@@H]2CCN(c3nc(SC)ns3)[C@@H](C)C2)cn1
H25P210,ZINCpr000002rH93,CCn1cc(Cl)c(C(=O)N(C)CCOCCNC(=O)CCC(C)C)n1
H25P330,ZINCpD00000O4g7F,CCc1cc(CN(CC2(F)CC2)C(=O)c2cccc3c2CCN3)no1
H25M000,ZINCp500002sYBRU,COC(=O)[C@]1(C)C[C@H](NC(=O)CCNC(=O)[C@@H](C)NC(=O)C2CC2)C1
H25P230,ZINCpt000003jnuj,O=C(Cc1cccnc1Cl)N[C@]1(CF)CCN(C(=O)[C@H]2C=CCC2)C1
H25M000,ZINCp500002sYBS4,COC(=O)[C@]1(C)C[C@H](NC(=O)CN2C(=O)[C@@H]3[C@H]4CC[C@@H](O4)[C@@H]3C2=O)C1
H24P180,ZINCoo00000si4fy,CCOC(=O)[C@@H]1CC12CCN(c1ccc(-n3cccn3)nn1)CC2
H25M000,ZINCp500000VW6Fx,C[C@@H]1CN2CCN1C[C@H]2C(=O)NC12CC(NC(=O)c3nncs3)(C1)C2
H25P090,ZINCpf00000VW6Fi,C[C@H]1[C@@H](NC(=O)COCC2(F)CC2)CCN1C(=O)CCc1ncc[nH]1
H24P140,ZINCok00000op9rS,Cc1cncc(NC(=O)[C@@H]2C[C@H](O)CN2Cc2ncccc2F)c1
H25P150,ZINCpl00000SOeJU,O=C(NCCCCC(=O)N1CCC2(CCC2)CC1)c1cc(CO)[nH]n1
H25P310,ZINCpB00000O4g8c,CCc1cc(CN(C[C@]2(F)CCOC2)C(=O)[C@@H]2CCC(F)(F)C2)no1
H25P310,ZINCpB00000O4g7Q,CCc1cc(CN(CC2(F)CCC2)C(=O)COCCCN=[N+]=[N-])on1
H19P100,ZINCjg00001bPvgM,CN(C)C(=O)C(C)(C)CNC(=O)C[C@@]1(C)CCOC1
H24P160,ZINCom00000si4f3,CCOC(=O)[C@@H]1C[C@]12C[C@H]2C(=O)NCc1ccccc1C(=O)OC
H25P280,ZINCpy00000xCXOg,C[C@@]1(NC(=O)C2=CCCCC2)CCCC[C@@H]1C(=O)NCc1ccon1
H21P150,ZINCll00001bPvhm,CN(C)C(=O)C(C)(C)CNC(=O)NC1C[C@@H]2CSC[C@H]2C1
H19P060,ZINCjc00001bPvh6,CN(C)C(=O)C(C)(C)CNC(=O)[C@H]1C[C@H]2C[C@@H]1CO2
H25P090,ZINCpf00002sYBSB,COC(=O)c1ccc(-n2cc(CCC(=O)N3CC[C@H]3CF)nn2)cn1
H24P140,ZINCok00000op9rQ,Cc1cncc(NC(=O)[C@H]2C[C@@H](O)CN2Cc2ccc(F)nc2)c1
H25P310,ZINCpB00000O4g7E,CCc1cc(CN(Cc2csnn2)C[C@H]2CC[C@@](C)(CC)O2)n(C)n1
H25P230,ZINCpt000003jnyk,O=C(Cc1ccco1)N1[C@H]2CC[C@H]1CN(C[C@H]1C[C@]13CCOC3)CC2
H23P300,ZINCnA000003KAb0,CC(C)C[C@@H](C)CN1C[C@H]2[C@H](NC(=O)C3(C(F)(F)F)CC3)[C@H]2C1
H25P150,ZINCpl00000SJ7JH,C=C[C@@H](OC)C(=O)N[C@H]1C=CC[C@H](C(=O)N[C@@H](C(C)C)C(C)(C)O)C1
H24P260,ZINCow000007IWUK,Cc1ccoc1C(=O)NC[C@@H]1CC[C@H]1NC(=O)c1ccc(Br)cn1
H25M000,ZINCp500000VW6F6,C[C@H]1[C@H](NC(=O)CNC=O)CCCN1C(=O)[C@@H]1OC[C@@H]2COCC[C@@H]21
H23P210,ZINCnr00000r2f8F,C[C@H](CN=[N+]=[N-])NC(=O)C(C)(C)CNC(=O)c1ccsc1C#N
H25P230,ZINCpt000003jnWl,O=C(Cc1cccs1)N[C@@H]1C[C@H]1[C@@H]1CCCN(C(=O)c2cnoc2)C1
H21P270,ZINClx00000g4cof,C[C@H]1CC2(CCN(C(=O)NC(C3CC3)C3CC3)CC2)CO1
H25P050,ZINCpb00000VW6FN,C[C@H]1CN2CCN1[C@@H](C(=O)N(C)CCNC(=O)C1(C)SCCCS1)C2
H23P210,ZINCnr00000r2f8y,C[C@H](CN=[N+]=[N-])NC(=O)C(C)(C)CN(C)C(=O)C12CC(F)(C1)C2
H23P300,ZINCnA000003KAdd,CC(C)C[C@@H](CN=c1[nH]c(Cl)ncc1Cl)NC(=O)c1cnoc1
H23P050,ZINCnb00000gEhNl,CCCC[C@@H](O)C(=O)NC[C@@H]1C[C@H]1CNC(=O)c1ccnnc1
H24M000,ZINCo5000002053o,COC[C@@H](O)C(=O)NC[C@@H]1CC(C)(C)CN1C(=O)Cc1nncs1
H25P160,ZINCpm00000SOeJE,O=C(NC/C=C/CC(=O)N1Cc2cccc(O)c2C1)[C@H]1CC=CCO1
H22P290,ZINCmz00000azjLc,Cc1nc(Br)c(C(=O)N(C)C2CCN(C(=O)C(C)C)CC2)s1
H25M100,ZINCp400002sYBRY,COC(=O)[C@]1(C)C[C@H](NC(=O)[C@H]2CCN(C(=O)CNC=O)C[C@H]2O)C1
H24M000,ZINCo500000204GP,COC[C@@H](O)C(=O)NC[C@@H](C)NC(=O)c1cc(O)nc(C2CC2)c1
H24P150,ZINCol00000op9rX,Cc1cnc(CNC(=O)[C@H]2CCN2C(=O)C2CC3(CCC3)C2)cn1
H23P050,ZINCnb00000gEf1t,CCCCN=C(NC[C@H]1CCCO1)NC1CC(CS(N)(=O)=O)C1
H25P300,ZINCpA00000O4g89,CCc1cc(CN(C[C@]2(F)CCOC2)C(=O)/C=C/[C@@H](C)CC)n(C)n1
H23P240,ZINCnu00000r2f8N,C[C@H](CN=[N+]=[N-])NC(=O)CC[C@@H](C)NC(=O)c1ccc(Cl)cn1
H25P210,ZINCpr000002rHze,CCn1cc(Cl)c(C(=O)NC2CN(C(=O)CC3CC(C(F)F)C3)C2)n1
H25P230,ZINCpt000003jo1e,O=C(Cc1ccoc1)N1CC(F)(F)C[C@@H]1CNC(=O)C1(C2CC2)CC1
H23P210,ZINCnr00000r2f8H,C[C@H](CN=[N+]=[N-])NC(=O)CC(C)(C)NC(=O)CCc1nccs1
H24P260,ZINCow000007IWQF,Cc1ccoc1C(=O)NC[C@@H]1CCCC[C@@H]1NC(=O)CCCC#N
H25P040,ZINCpa00000VW6FZ,C[C@H]1CNc2c(cccc2C(=O)NCCNC(=O)[C@H]2CCC(=O)N2)C1
H21P100,ZINClg00001bPvhn,CN(C)C(=O)C(C)(C)CNC(=O)NCC1(O)CCCCC1
H22P290,ZINCmz00000azjLf,Cc1nc(Br)c(C(=O)N(C)CCCNC(=O)CCC2CC2)s1
H23P120,ZINCni00000I6oCY,CC(C)C#CC(=O)N1C[C@@H](NC(=O)c2nn(C)cc2I)[C@H](C)C1
H20P040,ZINCka00001bPvht,CN(C)C(=O)C(C)(C)CNC(=O)NC[C@H]1C[C@H](CO)C1
H23P220,ZINCns00000r2f8Z,C[C@H](CN=[N+]=[N-])NC(=O)C[C@H]1CCCCN1C(=O)[C@H]1C=CCS1
H24P170,ZINCon00000si4fz,CCOC(=O)[C@H]1CC12CCN(c1ccn3ncc(C#N)c3n1)CC2
H25P230,ZINCpt000003jnPK,O=C(Cc1cccs1)NCCOC1CN(C(=O)C=CC2CCCC2)C1
H25P280,ZINCpy00000xCXNw,C[C@@]1(NC(=O)C2CC3(CC(=O)C3)C2)CCCC[C@@H]1C(=O)NC/C=C/Br
H25P210,ZINCpr000002rH6y,CCn1cc(CN(C)c2nnnn2CCO[C@@H]2CCCC[C@@H]2C)cn1
H23P050,ZINCnb00000gEdwG,CCCCCC(=O)N[C@@H]1CCN(C(=O)Cn2ncnn2)C12CC2
H23P050,ZINCnb00000gEeUl,CCCCN=C(NCC[C@]1(C)COCCO1)NCCS(C)(=O)=O
H23P050,ZINCnb00000gEgWZ,CCCC[C@@H](CC)C(=O)NCC1(O)CN(C(=O)C(F)(F)CO)C1
H21P040,ZINCla00001bPvhw,CN(C)C(=O)C(C)(C)CNC(=O)N[C@@H]1CN2CCC1CC2
H25P250,ZINCpv00000xCXND,C[C@@]1(NC(=O)C2CCC2)CCCC[C@H]1C(=O)NCCC1(CO)CCC1
H25M100,ZINCp400000VW6FK,C[C@@H]1CN2CCN1[C@H](C(=O)NCc1ncc(-c3nn[nH]n3)c(=N)[nH]1)C2
H21P220,ZINCls00000g4coa,C[C@H]1CC2(CCN(C(=O)CN3CCCCCC3)CC2)CO1
H25P110,ZINCph00002sYBSy,COC(=O)c1cc(CN2CC3(C(=O)OC)CCC2(C(=O)O)CC3)c[nH]1
H25P140,ZINCpk00000SJ7JD,C=C[C@H](OC)C(=O)N[C@@H]1CCC[C@@H](C(=O)N[C@H]2CC[C@@H](N(C)C)C2)C1
H24P290,ZINCoz00000m13hV,Cn1cncc1[C@@H]1CCCCN1C(=O)c1ccc([C@H]2CCCO2)[nH]1
H24P200,ZINCoq00000mpIBP,CCC(C)(C)CC(=O)N1CCSC[C@H]1C(=O)N[C@@H](C)C1(CO)CC1
H21P110,ZINClh00001bPvgY,CN(C)C(=O)C(C)(C)CNC(=O)[C@@H]1CC(C2CCC2)=NO1
H23P050,ZINCnb00000gEfsg,CCCCOCC(=O)N1C[C@@H](OC)C[C@@H](NC(=O)[C@@H](C)OC)C1
H25P230,ZINCpt000003jnBV,O=C(Cc1ccco1)NC[C@@H]1CCCN1C(=O)[C@H]1C[C@@]2(CC2(F)F)C1
H23P050,ZINCnb00000gEfLw,CCCCOCC(=O)N[C@H]1CC[C@@H](NC(=O)[C@H]2COC(=O)C2)C1
H25M000,ZINCp500000VW6FX,C[C@H]1CN(c2ccccc2)CCN1N1CCn2c(n[nH]c(=O)c2=O)C1
H22P280,ZINCmy000006BXuS,CC1(C)[C@H](C#N)[C@]1(C#N)C(=O)N=c1[nH][nH]c2c(Cl)cccc12
H25P150,ZINCpl00000SOeJk,O=C(NCC#CCCO)[C@H]1CN(C(=O)c2ccccc2)C2(CCC2)C1
H25P230,ZINCpt000003jnKy,O=C(Cc1cccs1)N1CC2(C1)CN(C(=O)C1CC3(C1)CC3(F)F)C2
H24P160,ZINCom00000si4fo,CCOC(=O)[C@@H]1C[C@@]12C[C@@H]2C(=O)NNC(=O)Cc1ccccc1Cl
H25P120,ZINCpi00000SOeJp,O=C(NCCC#CCO)[C@H]1CN(C(=O)[C@@H]2CCCCS2)C[C@@H]1C1CC1
H24P040,ZINCoa00000HLqfK,CC1(C)C[C@H](NC(=O)C(C)(C)NC(=O)[C@H]2CCNC(=O)C2)CCO1
H24P140,ZINCok00000op9rR,Cc1cnc(CNC(=O)[C@@H]2C[C@H](O)CN2Cc2ncccc2C)s1
H24P160,ZINCom00000si4fe,CCOC(=O)[C@@H]1C[C@@]12C[C@@H]2C(=O)NCCOc1ccc(C#N)cc1
H25M000,ZINCp500000VW6FO,C[C@H]1CN2CCN1[C@@H](C(=O)NCCNC(=O)c1cn3ccsc3n1)C2
H24P040,ZINCoa00000HLqge,CC1(C)C[C@H](NC(=O)C[C@H]2C[C@H](F)CN2C(=O)c2nc[nH]n2)CO1
H23P050,ZINCnb00000gEftq,CCCCOCC(=O)N1C[C@@H]2C[C@H]1[C@@H]2NC(=O)c1csc(O)n1
H25P180,ZINCpo00000SOeK9,O=C(NC/C=C/CC(=O)N1CC(c2ncccn2)C1)c1nc(Cl)cs1
H25P060,ZINCpc00002sYBS8,COC(=O)[C@]1(C)C[C@H](NC(=O)N2CC[C@H](CN3CCN(C)CC3)C2)C1
H25P090,ZINCpf00000VW6FC,C[C@@H]1CN2CCN1C[C@H]2C(=O)NCC(C)(C)NC(=O)CC1(C)CCC1
H25P230,ZINCpt000003jnNT,O=C(Cc1cccs1)NC1C[C@@H]2CN(C(=O)c3cccnc3)C[C@H]2C1
H24P160,ZINCom00000si4eY,CCOC(=O)[C@@H]1C[C@]12C[C@H]2C(=O)Nc1cccc(CCC(N)=O)c1
H25P180,ZINCpo00000SOeJs,O=C(NCCCCCO)[C@@H]1CN(C(=O)CSCC(F)F)CC12CCC2
H24P320,ZINCoC00000m13hP,Cn1cncc1[C@@H]1CCCCN1C(=O)[C@@]12CCCCC[C@H]1OCC2
H23P050,ZINCnb00000gEhFn,CCCC[C@@H](O)C(=O)NCC(C)(C)CNC(=O)c1[nH]nnc1C
H24P050,ZINCob00000HLqga,CC1(C)C[C@@H](NC(=O)C[C@@H]2CCCN(C(=O)C(N)=O)CC2)CCO1
H24P280,ZINCoy00000m13hB,Cn1cncc1CCNC(=O)N[C@H]1CCCOc2c(Cl)cccc21
H24P140,ZINCok00000op9s8,CC1(C#N)CCN(C(=O)[C@@H]2CCN(C(=O)C3CCOCC3)C2)CC1
H25P030,ZINCp900000VW6Gf,C[C@@H]1CN=C2NC(C(=O)N3CC(NC(=O)c4ncoc4Br)C3)=NN2C1
H24P210,ZINCor00000mpIBH,CCCCCCC(=O)N1CCSC[C@H]1C(=O)NC[C@H]1CCCN1C
H25P150,ZINCpl00000SOeK7,O=C(NCCCCC(=O)N1CCc2cncnc2C1)[C@H](F)C(F)(F)F
H25P150,ZINCpl00000SOeKm,O=C(NCCCCC(=O)N1CCCCC[C@@H]1CCO)c1ccnnc1
H20P090,ZINCkf00001bPvhl,CN(C)C(=O)C(C)(C)CNC(=O)N[C@]1(C)CCCOC1
H23P300,ZINCnA000003KAdC,CC(C)C[C@@H](CN=c1[nH]cncc1Br)NC(=O)Cc1ccco1
H24P220,ZINCos00000mpIBQ,C=C(C)CCCC(=O)N1CCSC[C@@H]1C(=O)N[C@H](C)C(C)(C)CO
H25P120,ZINCpi00000SOeKh,O=C(NC/C=C/CC(=O)N1CC(CC23CC(C2)C3)C1)c1cnc(O)o1
H25P230,ZINCpt000003jnAP,O=C(Cc1ccco1)NCC=C1CCN(C(=O)[C@H](F)C(F)(F)F)CC1
H25P310,ZINCpB00000O4g81,CCC1CC(CN(C[C@@]2(F)CCCOC2)C(=O)CN2CC(C)(C)C2)C1
H25M000,ZINCp500000VW6FD,C[C@H]1CN2CCN1C[C@H]2C(=O)NCC(C)(C)NC(=O)CCN1CCC1
H25P080,ZINCpe00000VW6F7,C[C@H]1[C@@H](NC(=O)CNC=O)CCN1C(=O)c1cc(Br)c2c(c1)CCO2
H21P320,ZINClC00000g4co5,C[C@H]1CC2(CCN(Cc3sc(N(C)C)nc3Cl)CC2)CO1
H23P050,ZINCnb00000gEh4u,CCCC[C@@H](CNC(=O)[C@@H]1C[C@H]1F)NC(=O)Cc1cn(C)nn1
H25M000,ZINCp500000VW6Fz,C[C@@H]1CN2CCN1C[C@@H]2C(=O)NCC1(NC(=O)CCN2CCC2)CC1
H25P140,ZINCpk00000SOeKl,O=C(NCCCCC(=O)N1CCC(C2(O)CC2)CC1)[C@@H]1CCCOC1
H25P060,ZINCpc00000VW6Ge,C[C@@H]1CN(c2nccnc2C#N)CCN1N1CCn2nc(Br)nc2C1
H24P230,ZINCot00000mpIBG,CCCCCCC(=O)N1CCSC[C@@H]1C(=O)N(C)C[C@@H]1CCOC1
H25P320,ZINCpC00000O4g8a,CCc1cc(CN(C[C@]2(F)CCOC2)C(=O)C[C@H]2C[C@H](SC)C2)on1
H24P080,ZINCoe00000HLqg7,CC1(C)C[C@H](NC(=O)C[C@H]2CCCN2C(=O)CC2OCCO2)CO1
H25P050,ZINCpb00000VW6G0,C[C@@H]1CNc2c(cccc2C(=O)NCCNC(=O)[C@@H](C)S(C)(=O)=O)C1
H18P020,ZINCi800001bPvh3,CN(C)C(=O)C(C)(C)CNC(=O)[C@H]1CCCNC1
H25P310,ZINCpB00000O4g7Y,CCC1CC(CN(C[C@@]2(F)CCCOC2)C(=O)c2cnnc(C)c2)C1
H25P100,ZINCpg00002sYBRR,COC(=O)[C@]1(C)C[C@H](NC(=O)CC2(c3cn(CCC#N)nn3)CC2)C1
H24P110,ZINCoh00000op9s1,Cc1cncc(NC(=O)[C@H]2CCN2C(=O)Cc2c(C)noc2C)n1
H24P190,ZINCop00000si4f7,CCOC(=O)[C@@H]1C[C@]12C[C@H]2C(=O)NCc1cc(OC)ccc1OC
H25M100,ZINCp400000VW6Fa,C[C@H]1[C@@H](NC(=O)CNC(=O)CN(C)C)CCN1C(=O)[C@H]1CCCN1C
H24P170,ZINCon00000si4fn,CCOC(=O)[C@@H]1C[C@]12C[C@@H]2C(=O)NNc1oc(C(C)C)nc1C#N
H24M000,ZINCo500000204mf,COC[C@@H](O)C(=O)NC[C@@H](C)CN(C)C(=O)CCc1cc(C)[nH]n1
H25P130,ZINCpj00000SOeK5,O=C(NCCCCC(=O)N1CCc2ccsc2C1)C(=O)NCC(F)F
H24P300,ZINCoA00000m13hH,Cn1cncc1[C@H]1CCCCN1Cc1nnc(-c2cccs2)n1C
H25M000,ZINCp500000VW6Gg,C[C@@H]1CN=C2NC(C(=O)NCC(=O)N3CCC[C@@H](C(=O)O)C3)=NN2C1
H25M000,ZINCp500002sYBSr,COC(=O)[C@@]1(C)CCN1C(=O)[C@@H]1[C@H]2C[C@H]2CN1C(=O)[C@@H]1CCS1(=O)=O
H25M000,ZINCp500002sYBSw,COC(=O)[C@@]1(C)CCN1C(=O)[C@@H](O)CNC(=O)C(C)(C)[C@H](O)C(C)C
H25P270,ZINCpx00000xCXNN,C[C@]1(NC(=O)c2ccc3c(c2)CC3)C[C@@H](C(=O)NC[C@H]2C=CCC2)C1
H24M000,ZINCo500000204J3,COC[C@@H](O)C(=O)NC[C@@H](C)NC(=O)c1ccnn1CC1CCC1
H23P050,ZINCnb00000gEesN,CCCCC[C@H](O)C(=O)NC[C@@H]1CCN(C(=O)CO)CC1(F)F
H23P050,ZINCnb00000gEhJo,CCCC[C@@H](O)C(=O)NCCNC(=O)/C=C/c1cncc(O)c1
H25M000,ZINCp500000VW6FJ,C[C@H]1CN2CCN1[C@@H](C(=O)N(Cc1ccccn1)Cc1nn[nH]n1)C2
H25P180,ZINCpo00000SOeJw,O=C(NCCCCCO)[C@H](F)CC1CN(C(=O)C[C@H]2C[C@@H]2C2CC2)C1
H24M000,ZINCo5000002051U,COC[C@@H](O)C(=O)NC[C@@H](O)CNC(=O)c1cncc2sccc12
H25P160,ZINCpm00000SOeJf,O=C(NCCC#CCO)[C@H]1[C@H]2CCC[C@H]2CN1C(=O)c1ccoc1Cl
H23P050,ZINCnb00000gEd1N,CCCCCC(=O)N1CC(F)(CNC(=O)c2cnc(O)n2C)C1
H25P140,ZINCpk00000SOeJc,O=C(NCCCCCO)[C@H]1CCN(C(=O)Cc2ccc3c(c2)CC3)C1
H24P170,ZINCon00000si4fc,CCOC(=O)[C@@H]1C[C@]12C[C@@H]2C(=O)NCCOc1ccccc1OC
H25M000,ZINCp500002sYBSu,COC(=O)[C@]1(C)CCN1C(=O)[C@H](C)[C@@H](C)NC(=O)c1cnnc(O)c1
H20P070,ZINCkd00001bPvgC,CN(C)C(=O)C(C)(C)CN[C@@H]1CCO[C@@H](CC(=O)O)C1
H25P230,ZINCpt000003jnJE,O=C(Cc1cccs1)C(=O)N1CC=C[C@H](NC(=O)c2ccc(Cl)o2)C1
H23P050,ZINCnb00000gEdsp,CCCCCC(=O)NC[C@H]1C=CCN1C(=O)CCn1cnnn1
H25P120,ZINCpi00000SOeJy,O=C(NC/C=C/CC(=O)N1CC2(C1)CC1(CCC1)C2)[C@@H]1COCCO1
H25P190,ZINCpp00000SJ7JO,CC[C@H](OC)C(=O)N[C@H]1CCC[C@H](NC(=O)[C@H]2CC3(CCO2)CC3)C1
